minint_elettorale,_link,note,int_st,int_t_ele,int_f_elet,int_dt_ele,int_l_terr,int_area,int_desc_com,int_cod_com,int_desc_prov,int_cod_prov,int_ele_m,int_ele_f,int_ele_t,int_vot_m,int_vot_f,int_vot_t,int_perc_vot,int_sz_pres,int_sz_cons,int_sz_tot,int_fine_rip,int_sk_bianche,int_sk_nulle,int_sk_contestate,int_tot_vot_cand,int_tot_vot_lis,int_non_valid,int_dt_agg,int_data_prec_elez,int_reg_sto,int_prov_sto,int_comu_sto,int_circ_sto,int_tipo_tras,com_istat_code
1070370010,67,,ESERCIZIO,Regionali Speciali,SCRUTINI,20241027000000,COMUNE,I,AIROLE,10,IMPERIA,37,147,115,262,79,72,151,57.63,1,1,1,N,0,5,0,146,143,,20241028175958,20200920000000,7,37,10,37,SZ,008001
1070370020,68,,ESERCIZIO,Regionali Speciali,SCRUTINI,20241027000000,COMUNE,I,APRICALE,20,IMPERIA,37,240,206,446,72,62,134,30.04,1,1,1,N,1,0,0,133,119,,20241028180613,20200920000000,7,37,20,37,SZ,008002
1070370030,69,,ESERCIZIO,Regionali Speciali,SCRUTINI,20241027000000,COMUNE,I,AQUILA D'ARROSCIA,30,IMPERIA,37,97,76,173,54,36,90,52.02,1,1,1,N,1,2,0,87,87,,20241028170103,20200920000000,7,37,30,37,SZ,008003
1070370040,70,,ESERCIZIO,Regionali Speciali,SCRUTINI,20241027000000,COMUNE,I,ARMO,40,IMPERIA,37,39,46,85,28,24,52,61.18,1,1,1,N,0,2,0,50,50,,20241028163635,20200920000000,7,37,40,37,SZ,008004
1070370041,71,,ESERCIZIO,Regionali Speciali,SCRUTINI,20241027000000,COMUNE,I,AURIGO,41,IMPERIA,37,138,133,271,81,80,161,59.41,2,2,2,N,3,2,0,156,149,,20241028171951,20200920000000,7,37,41,37,SZ,008005
1070370050,72,,ESERCIZIO,Regionali Speciali,SCRUTINI,20241027000000,COMUNE,I,BADALUCCO,50,IMPERIA,37,460,468,928,178,202,380,40.95,2,2,2,N,2,9,0,369,355,,20241028190537,20200920000000,7,37,50,37,SZ,008006
1070370060,73,,ESERCIZIO,Regionali Speciali,SCRUTINI,20241027000000,COMUNE,I,BAJARDO,60,IMPERIA,37,135,123,258,64,47,111,43.02,1,1,1,N,1,2,0,108,98,,20241028191909,20200920000000,7,37,60,37,SZ,008007
1070370070,74,,ESERCIZIO,Regionali Speciali,SCRUTINI,20241027000000,COMUNE,I,BORDIGHERA,70,IMPERIA,37,4400,4878,9278,1618,1823,3441,37.09,10,10,10,N,14,71,0,3356,3204,,20241028212446,20200920000000,7,37,70,37,SZ,008008
1070370080,75,,ESERCIZIO,Regionali Speciali,SCRUTINI,20241027000000,COMUNE,I,BORGHETTO D'ARROSCIA,80,IMPERIA,37,179,139,318,70,59,129,40.57,1,1,1,N,5,4,0,120,118,,20241028175516,20200920000000,7,37,80,37,SZ,008009
1070370090,76,,ESERCIZIO,Regionali Speciali,SCRUTINI,20241027000000,COMUNE,I,BORGOMARO,90,IMPERIA,37,334,315,649,153,136,289,44.53,3,3,3,N,3,13,0,273,258,,20241028175958,20200920000000,7,37,90,37,SZ,008010
1070370100,77,,ESERCIZIO,Regionali Speciali,SCRUTINI,20241027000000,COMUNE,I,CAMPOROSSO,100,IMPERIA,37,2369,2398,4767,890,898,1788,37.51,5,5,5,N,17,37,0,1734,1669,,20241028221123,20200920000000,7,37,100,37,SZ,008011
1070370110,78,,ESERCIZIO,Regionali Speciali,SCRUTINI,20241027000000,COMUNE,I,CARAVONICA,110,IMPERIA,37,105,81,186,74,56,130,69.89,1,1,1,N,3,4,0,123,117,,20241028175438,20200920000000,7,37,110,37,SZ,008012
1070370130,79,,ESERCIZIO,Regionali Speciali,SCRUTINI,20241027000000,COMUNE,I,CASTELLARO,130,IMPERIA,37,532,545,1077,231,222,453,42.06,1,1,1,N,5,12,0,436,412,,20241028192007,20200920000000,7,37,130,37,SZ,008014
1070370140,80,,ESERCIZIO,Regionali Speciali,SCRUTINI,20241027000000,COMUNE,I,CASTEL VITTORIO,140,IMPERIA,37,136,113,249,50,53,103,41.37,1,1,1,N,2,3,0,98,96,,20241028182239,20200920000000,7,37,140,37,SZ,008015
1070370150,81,,ESERCIZIO,Regionali Speciali,SCRUTINI,20241027000000,COMUNE,I,CERIANA,150,IMPERIA,37,484,424,908,142,126,268,29.52,2,2,2,N,7,14,0,247,234,,20241028173413,20200920000000,7,37,150,37,SZ,008016
1070370160,82,,ESERCIZIO,Regionali Speciali,SCRUTINI,20241027000000,COMUNE,I,CERVO,160,IMPERIA,37,494,526,1020,166,180,346,33.92,1,1,1,N,2,8,0,336,326,,20241028194320,20200920000000,7,37,160,37,SZ,008017
1070370170,83,,ESERCIZIO,Regionali Speciali,SCRUTINI,20241027000000,COMUNE,I,CESIO,170,IMPERIA,37,121,107,228,61,43,104,45.61,1,1,1,N,0,6,0,98,95,,20241028180613,20200920000000,7,37,170,37,SZ,008018
1070370180,84,,ESERCIZIO,Regionali Speciali,SCRUTINI,20241027000000,COMUNE,I,CHIUSANICO,180,IMPERIA,37,277,261,538,137,122,259,48.14,3,3,3,N,1,9,0,249,232,,20241028171252,20200920000000,7,37,180,37,SZ,008019
1070370190,85,,ESERCIZIO,Regionali Speciali,SCRUTINI,20241027000000,COMUNE,I,CHIUSAVECCHIA,190,IMPERIA,37,182,188,370,77,88,165,44.59,1,1,1,N,2,11,0,152,146,,20241028171522,20200920000000,7,37,190,37,SZ,008020
1070370200,86,,ESERCIZIO,Regionali Speciali,SCRUTINI,20241027000000,COMUNE,I,CIPRESSA,200,IMPERIA,37,489,496,985,228,219,447,45.38,1,1,1,N,2,10,0,435,416,,20241028213623,20200920000000,7,37,200,37,SZ,008021
1070370210,87,,ESERCIZIO,Regionali Speciali,SCRUTINI,20241027000000,COMUNE,I,CIVEZZA,210,IMPERIA,37,229,243,472,105,117,222,47.03,1,1,1,N,1,3,0,218,208,,20241028180052,20200920000000,7,37,210,37,SZ,008022
1070370220,88,,ESERCIZIO,Regionali Speciali,SCRUTINI,20241027000000,COMUNE,I,COSIO D'ARROSCIA,220,IMPERIA,37,69,83,152,51,50,101,66.45,1,1,1,N,1,3,0,97,93,,20241028190325,20200920000000,7,37,220,37,SZ,008023
1070370221,89,,ESERCIZIO,Regionali Speciali,SCRUTINI,20241027000000,COMUNE,I,COSTARAINERA,221,IMPERIA,37,318,331,649,155,163,318,49.00,1,1,1,N,1,10,0,307,266,,20241028182241,20200920000000,7,37,221,37,SZ,008024
1070370230,90,,ESERCIZIO,Regionali Speciali,SCRUTINI,20241027000000,COMUNE,I,DIANO ARENTINO,230,IMPERIA,37,334,300,634,100,111,211,33.28,1,1,1,N,3,8,0,200,187,,20241028171248,20200920000000,7,37,230,37,SZ,008025
1070370240,91,,ESERCIZIO,Regionali Speciali,SCRUTINI,20241027000000,COMUNE,I,DIANO CASTELLO,240,IMPERIA,37,907,948,1855,348,360,708,38.17,2,2,2,N,7,22,0,679,649,,20241028193429,20200920000000,7,37,240,37,SZ,008026
1070370250,92,,ESERCIZIO,Regionali Speciali,SCRUTINI,20241027000000,COMUNE,I,DIANO MARINA,250,IMPERIA,37,2395,2753,5148,914,1022,1936,37.61,7,7,7,N,18,44,0,1874,1785,,20241028190004,20200920000000,7,37,250,37,SZ,008027
1070370260,93,,ESERCIZIO,Regionali Speciali,SCRUTINI,20241027000000,COMUNE,I,DIANO SAN PIETRO,260,IMPERIA,37,439,450,889,201,184,385,43.31,1,1,1,N,7,2,0,376,360,,20241028175608,20200920000000,7,37,260,37,SZ,008028
1070370270,94,,ESERCIZIO,Regionali Speciali,SCRUTINI,20241027000000,COMUNE,I,DOLCEACQUA,270,IMPERIA,37,943,946,1889,330,358,688,36.42,2,2,2,N,10,20,0,658,636,,20241028212111,20200920000000,7,37,270,37,SZ,008029
1070370280,95,,ESERCIZIO,Regionali Speciali,SCRUTINI,20241027000000,COMUNE,I,DOLCEDO,280,IMPERIA,37,526,492,1018,235,203,438,43.03,2,2,2,N,2,14,0,422,398,,20241028204535,20200920000000,7,37,280,37,SZ,008030
1070370290,96,,ESERCIZIO,Regionali Speciali,SCRUTINI,20241027000000,COMUNE,I,IMPERIA,290,IMPERIA,37,16462,17849,34311,7183,7899,15082,43.96,44,44,44,N,126,450,0,14506,13922,,20241028222512,20200920000000,7,37,290,37,SZ,008031
1070370300,97,,ESERCIZIO,Regionali Speciali,SCRUTINI,20241027000000,COMUNE,I,ISOLABONA,300,IMPERIA,37,296,289,585,112,126,238,40.68,1,1,1,N,5,6,0,227,220,,20241028202054,20200920000000,7,37,300,37,SZ,008032
1070370301,98,,ESERCIZIO,Regionali Speciali,SCRUTINI,20241027000000,COMUNE,I,LUCINASCO,301,IMPERIA,37,108,109,217,56,46,102,47.00,1,1,1,N,2,3,0,97,96,,20241028172240,20200920000000,7,37,301,37,SZ,008033
1070370310,99,,ESERCIZIO,Regionali Speciali,SCRUTINI,20241027000000,COMUNE,I,MENDATICA,310,IMPERIA,37,89,65,154,61,35,96,62.34,1,1,1,N,0,1,0,95,91,,20241028162701,20200920000000,7,37,310,37,SZ,008034
1070370320,100,,ESERCIZIO,Regionali Speciali,SCRUTINI,20241027000000,COMUNE,I,MOLINI DI TRIORA,320,IMPERIA,37,251,227,478,81,81,162,33.89,2,2,2,N,4,1,0,157,155,,20241028164109,20200920000000,7,37,320,37,SZ,008035
1070370340,102,,ESERCIZIO,Regionali Speciali,SCRUTINI,20241027000000,COMUNE,I,MONTEGROSSO PIAN LATTE,340,IMPERIA,37,47,54,101,40,37,77,76.24,1,1,1,N,2,2,0,73,69,,20241028171325,20200920000000,7,37,340,37,SZ,008037
1070370350,103,,ESERCIZIO,Regionali Speciali,SCRUTINI,20241027000000,COMUNE,I,OLIVETTA SAN MICHELE,350,IMPERIA,37,114,98,212,40,31,71,33.49,1,1,1,N,0,4,0,67,66,,20241028190035,20200920000000,7,37,350,37,SZ,008038
1070370360,104,,ESERCIZIO,Regionali Speciali,SCRUTINI,20241027000000,COMUNE,I,OSPEDALETTI,360,IMPERIA,37,1399,1485,2884,517,542,1059,36.72,4,4,4,N,5,16,0,1038,973,,20241028175521,20200920000000,7,37,360,37,SZ,008039
1070370370,105,,ESERCIZIO,Regionali Speciali,SCRUTINI,20241027000000,COMUNE,I,PERINALDO,370,IMPERIA,37,369,331,700,104,97,201,28.71,1,1,1,N,3,4,0,194,181,,20241028192703,20200920000000,7,37,370,37,SZ,008040
1070370380,106,,ESERCIZIO,Regionali Speciali,SCRUTINI,20241027000000,COMUNE,I,PIETRABRUNA,380,IMPERIA,37,172,141,313,91,67,158,50.48,1,1,1,N,2,5,0,151,139,,20241028195650,20200920000000,7,37,380,37,SZ,008041
1070370390,107,,ESERCIZIO,Regionali Speciali,SCRUTINI,20241027000000,COMUNE,I,PIEVE DI TECO,390,IMPERIA,37,529,529,1058,205,223,428,40.45,3,3,3,N,8,11,0,409,385,,20241028182614,20200920000000,7,37,390,37,SZ,008042
1070370400,108,,ESERCIZIO,Regionali Speciali,SCRUTINI,20241027000000,COMUNE,I,PIGNA,400,IMPERIA,37,372,345,717,143,128,271,37.80,2,2,2,N,4,5,0,262,254,,20241028171326,20200920000000,7,37,400,37,SZ,008043
1070370410,109,,ESERCIZIO,Regionali Speciali,SCRUTINI,20241027000000,COMUNE,I,POMPEIANA,410,IMPERIA,37,348,348,696,138,139,277,39.80,1,1,1,N,1,5,0,271,261,,20241028212332,20200920000000,7,37,410,37,SZ,008044
1070370420,110,,ESERCIZIO,Regionali Speciali,SCRUTINI,20241027000000,COMUNE,I,PONTEDASSIO,420,IMPERIA,37,919,919,1838,470,453,923,50.22,4,4,4,N,8,38,0,877,856,,20241028182343,20200920000000,7,37,420,37,SZ,008045
1070370430,111,,ESERCIZIO,Regionali Speciali,SCRUTINI,20241027000000,COMUNE,I,PORNASSIO,430,IMPERIA,37,257,217,474,98,79,177,37.34,1,1,1,N,4,7,0,166,154,,20241028182615,20200920000000,7,37,430,37,SZ,008046
1070370440,112,,ESERCIZIO,Regionali Speciali,SCRUTINI,20241027000000,COMUNE,I,PRELA',440,IMPERIA,37,212,189,401,94,69,163,40.65,1,1,1,N,4,6,0,153,146,,20241028182240,20200920000000,7,37,440,37,SZ,008047
1070370450,113,,ESERCIZIO,Regionali Speciali,SCRUTINI,20241027000000,COMUNE,I,RANZO,450,IMPERIA,37,209,226,435,89,90,179,41.15,1,1,1,N,2,7,0,170,160,,20241028194514,20200920000000,7,37,450,37,SZ,008048
1070370460,114,,ESERCIZIO,Regionali Speciali,SCRUTINI,20241027000000,COMUNE,I,REZZO,460,IMPERIA,37,137,127,264,72,65,137,51.89,1,1,1,N,0,4,0,133,126,,20241028184751,20200920000000,7,37,460,37,SZ,008049
1070370461,115,,ESERCIZIO,Regionali Speciali,SCRUTINI,20241027000000,COMUNE,I,RIVA LIGURE,461,IMPERIA,37,1164,1196,2360,441,478,919,38.94,3,3,3,N,8,42,0,869,809,,20241028194041,20200920000000,7,37,461,37,SZ,008050
1070370480,116,,ESERCIZIO,Regionali Speciali,SCRUTINI,20241027000000,COMUNE,I,ROCCHETTA NERVINA,480,IMPERIA,37,109,104,213,53,49,102,47.89,1,1,1,N,0,1,0,101,90,,20241028174534,20200920000000,7,37,480,37,SZ,008051
1070370490,117,,ESERCIZIO,Regionali Speciali,SCRUTINI,20241027000000,COMUNE,I,SAN BARTOLOMEO AL MARE,490,IMPERIA,37,1209,1282,2491,524,538,1062,42.63,3,3,3,N,7,15,0,1040,977,,20241028193619,20200920000000,7,37,490,37,SZ,008052
1070370500,118,,ESERCIZIO,Regionali Speciali,SCRUTINI,20241027000000,COMUNE,I,SAN BIAGIO DELLA CIMA,500,IMPERIA,37,543,580,1123,203,216,419,37.31,1,1,1,N,2,13,0,404,399,,20241028185816,20200920000000,7,37,500,37,SZ,008053
1070370510,119,,ESERCIZIO,Regionali Speciali,SCRUTINI,20241027000000,COMUNE,I,SAN LORENZO AL MARE,510,IMPERIA,37,501,559,1060,248,262,510,48.11,1,1,1,N,5,8,0,497,478,,20241028214253,20200920000000,7,37,510,37,SZ,008054
1070370520,120,,ESERCIZIO,Regionali Speciali,SCRUTINI,20241027000000,COMUNE,I,SANREMO,520,IMPERIA,37,21824,23884,45708,0,0,0,0,54,54,56,N,0,0,0,13802,12811,,20241028223409,20200920000000,7,37,520,37,SZ,008055
1070370521,121,,ESERCIZIO,Regionali Speciali,SCRUTINI,20241027000000,COMUNE,I,SANTO STEFANO AL MARE,521,IMPERIA,37,874,893,1767,371,376,747,42.28,2,2,2,N,6,23,0,718,695,,20241028205654,20200920000000,7,37,521,37,SZ,008056
1070370530,122,,ESERCIZIO,Regionali Speciali,SCRUTINI,20241027000000,COMUNE,I,SEBORGA,530,IMPERIA,37,111,118,229,54,54,108,47.16,1,1,1,N,3,4,0,101,93,,20241028170040,20200920000000,7,37,530,37,SZ,008057
1070370540,123,,ESERCIZIO,Regionali Speciali,SCRUTINI,20241027000000,COMUNE,I,SOLDANO,540,IMPERIA,37,412,382,794,158,159,317,39.92,1,1,1,N,4,15,0,298,282,,20241028184424,20200920000000,7,37,540,37,SZ,008058
1070370550,124,,ESERCIZIO,Regionali Speciali,SCRUTINI,20241027000000,COMUNE,I,TAGGIA,550,IMPERIA,37,5437,6058,11495,2233,2474,4707,40.95,15,15,15,N,45,155,18,4489,4291,,20241028205348,20200920000000,7,37,550,37,SZ,008059
1070370560,125,,ESERCIZIO,Regionali Speciali,SCRUTINI,20241027000000,COMUNE,I,TERZORIO,560,IMPERIA,37,95,92,187,51,55,106,56.68,1,1,1,N,0,6,0,100,90,,20241028170040,20200920000000,7,37,560,37,SZ,008060
1070370570,126,,ESERCIZIO,Regionali Speciali,SCRUTINI,20241027000000,COMUNE,I,TRIORA,570,IMPERIA,37,177,148,325,74,55,129,39.69,1,1,1,N,3,0,0,126,121,,20241028162629,20200920000000,7,37,570,37,SZ,008061
1070370580,127,,ESERCIZIO,Regionali Speciali,SCRUTINI,20241027000000,COMUNE,I,VALLEBONA,580,IMPERIA,37,557,536,1093,202,188,390,35.68,1,1,1,N,3,15,0,372,356,,20241028185216,20200920000000,7,37,580,37,SZ,008062
1070370590,128,,ESERCIZIO,Regionali Speciali,SCRUTINI,20241027000000,COMUNE,I,VALLECROSIA,590,IMPERIA,37,2910,3137,6047,1187,1300,2487,41.13,7,7,7,N,22,59,0,2406,2348,,20241028192703,20200920000000,7,37,590,37,SZ,008063
1070370600,129,,ESERCIZIO,Regionali Speciali,SCRUTINI,20241027000000,COMUNE,I,VASIA,600,IMPERIA,37,143,141,284,80,65,145,51.06,2,2,2,N,4,6,0,135,131,,20241028163635,20200920000000,7,37,600,37,SZ,008064
1070370610,130,,ESERCIZIO,Regionali Speciali,SCRUTINI,20241027000000,COMUNE,I,VENTIMIGLIA,610,IMPERIA,37,10471,10793,21264,3434,3648,7082,33.31,26,26,26,N,55,146,1,6880,6616,,20241028201637,20200920000000,7,37,610,37,SZ,008065
1070370620,131,,ESERCIZIO,Regionali Speciali,SCRUTINI,20241027000000,COMUNE,I,VESSALICO,620,IMPERIA,37,108,88,196,49,41,90,45.92,1,1,1,N,1,2,0,87,83,,20241028182613,20200920000000,7,37,620,37,SZ,008066
1070370630,132,,ESERCIZIO,Regionali Speciali,SCRUTINI,20241027000000,COMUNE,I,VILLA FARALDI,630,IMPERIA,37,181,179,360,54,69,123,34.17,1,1,1,N,1,5,0,117,114,,20241028172800,20200920000000,7,37,630,37,SZ,008067
1070370325,101,,ESERCIZIO,Regionali Speciali,SCRUTINI,20241027000000,COMUNE,I,MONTALTO CARPASIO,325,IMPERIA,37,253,219,472,81,85,166,35.17,2,2,2,N,3,8,0,155,145,,20241028182240,20200920000000,7,37,325,37,SZ,008068
1070740010,165,,ESERCIZIO,Regionali Speciali,SCRUTINI,20241027000000,COMUNE,I,ALASSIO,10,SAVONA,74,4409,5013,9422,1851,2064,3915,41.55,11,11,11,N,29,78,1,3807,3624,,20241028221844,20200920000000,7,74,10,74,SZ,009001
1070740020,166,,ESERCIZIO,Regionali Speciali,SCRUTINI,20241027000000,COMUNE,I,ALBENGA,20,SAVONA,74,9328,10007,19335,4313,4676,8989,46.49,22,22,22,N,92,193,0,8704,8352,,20241028204203,20200920000000,7,74,20,74,SZ,009002
1070740030,167,,ESERCIZIO,Regionali Speciali,SCRUTINI,20241027000000,COMUNE,I,ALBISSOLA MARINA,30,SAVONA,74,2270,2536,4806,1219,1329,2548,53.02,5,5,5,N,17,75,0,2456,2278,,20241028212956,20200920000000,7,74,30,74,SZ,009003
1070740040,168,,ESERCIZIO,Regionali Speciali,SCRUTINI,20241027000000,COMUNE,I,ALBISOLA SUPERIORE,40,SAVONA,74,4170,4690,8860,0,0,0,0,9,9,11,N,0,0,0,3457,3193,,20241028213648,20200920000000,7,74,40,74,SZ,009004
1070740050,169,,ESERCIZIO,Regionali Speciali,SCRUTINI,20241027000000,COMUNE,I,ALTARE,50,SAVONA,74,911,966,1877,299,303,602,32.07,2,2,2,N,7,23,0,572,539,,20241028204202,20200920000000,7,74,50,74,SZ,009005
1070740060,170,,ESERCIZIO,Regionali Speciali,SCRUTINI,20241027000000,COMUNE,I,ANDORA,60,SAVONA,74,3104,3319,6423,1377,1427,2804,43.66,7,7,7,N,29,104,0,2671,2541,,20241028201136,20200920000000,7,74,60,74,SZ,009006
1070740070,171,,ESERCIZIO,Regionali Speciali,SCRUTINI,20241027000000,COMUNE,I,ARNASCO,70,SAVONA,74,253,238,491,117,109,226,46.03,1,1,1,N,4,4,0,218,211,,20241028172913,20200920000000,7,74,70,74,SZ,009007
1070740080,172,,ESERCIZIO,Regionali Speciali,SCRUTINI,20241027000000,COMUNE,I,BALESTRINO,80,SAVONA,74,310,323,633,119,116,235,37.12,1,1,1,N,2,10,0,223,216,,20241028201136,20200920000000,7,74,80,74,SZ,009008
1070740090,173,,ESERCIZIO,Regionali Speciali,SCRUTINI,20241027000000,COMUNE,I,BARDINETO,90,SAVONA,74,374,377,751,132,149,281,37.42,1,1,1,N,4,5,0,272,259,,20241028183900,20200920000000,7,74,90,74,SZ,009009
1070740100,174,,ESERCIZIO,Regionali Speciali,SCRUTINI,20241027000000,COMUNE,I,BERGEGGI,100,SAVONA,74,483,504,987,0,0,0,0,0,0,1,N,0,0,0,0,0,,,20200920000000,7,74,100,74,SZ,009010
1070740110,175,,ESERCIZIO,Regionali Speciali,SCRUTINI,20241027000000,COMUNE,I,BOISSANO,110,SAVONA,74,1142,1140,2282,520,522,1042,45.66,2,2,2,N,10,34,0,998,940,,20241028180443,20200920000000,7,74,110,74,SZ,009011
1070740120,176,,ESERCIZIO,Regionali Speciali,SCRUTINI,20241027000000,COMUNE,I,BORGHETTO SANTO SPIRITO,120,SAVONA,74,1852,2077,3929,744,818,1562,39.76,5,5,5,N,8,52,0,1502,1428,,20241028201133,20200920000000,7,74,120,74,SZ,009012
1070740130,177,,ESERCIZIO,Regionali Speciali,SCRUTINI,20241027000000,COMUNE,I,BORGIO VEREZZI,130,SAVONA,74,993,1082,2075,424,473,897,43.23,3,3,3,N,5,20,0,872,827,,20241028201135,20200920000000,7,74,130,74,SZ,009013
1070740140,178,,ESERCIZIO,Regionali Speciali,SCRUTINI,20241027000000,COMUNE,I,BORMIDA,140,SAVONA,74,304,307,611,71,67,138,22.59,1,1,1,N,3,7,0,128,122,,20241028171021,20200920000000,7,74,140,74,SZ,009014
1070740150,179,,ESERCIZIO,Regionali Speciali,SCRUTINI,20241027000000,COMUNE,I,CAIRO MONTENOTTE,150,SAVONA,74,5409,5622,11031,1933,1904,3837,34.78,14,14,14,N,49,117,0,3671,3482,,20241028211345,20200920000000,7,74,150,74,SZ,009015
1070740160,180,,ESERCIZIO,Regionali Speciali,SCRUTINI,20241027000000,COMUNE,I,CALICE LIGURE,160,SAVONA,74,885,912,1797,370,375,745,41.46,3,3,3,N,9,34,0,702,638,,20241028204159,20200920000000,7,74,160,74,SZ,009016
1070740170,181,,ESERCIZIO,Regionali Speciali,SCRUTINI,20241027000000,COMUNE,I,CALIZZANO,170,SAVONA,74,749,777,1526,273,272,545,35.71,2,2,2,N,11,10,0,524,492,,20241028191613,20200920000000,7,74,170,74,SZ,009017
1070740180,182,,ESERCIZIO,Regionali Speciali,SCRUTINI,20241027000000,COMUNE,I,CARCARE,180,SAVONA,74,2165,2516,4681,966,1079,2045,43.69,6,6,6,N,20,47,0,1978,1901,,20241028224119,20200920000000,7,74,180,74,SZ,009018
1070740190,183,,ESERCIZIO,Regionali Speciali,SCRUTINI,20241027000000,COMUNE,I,CASANOVA LERRONE,190,SAVONA,74,279,292,571,114,105,219,38.35,2,2,2,N,3,14,0,202,188,,20241028190041,20200920000000,7,74,190,74,SZ,009019
1070740200,184,,ESERCIZIO,Regionali Speciali,SCRUTINI,20241027000000,COMUNE,I,CASTELBIANCO,200,SAVONA,74,139,155,294,67,66,133,45.24,1,1,1,N,0,6,0,127,123,,20241028182827,20200920000000,7,74,200,74,SZ,009020
1070740210,185,,ESERCIZIO,Regionali Speciali,SCRUTINI,20241027000000,COMUNE,I,CASTELVECCHIO DI ROCCA BARBENA,210,SAVONA,74,93,65,158,41,33,74,46.84,1,1,1,N,0,0,0,74,74,,20241028165031,20200920000000,7,74,210,74,SZ,009021
1070740220,186,,ESERCIZIO,Regionali Speciali,SCRUTINI,20241027000000,COMUNE,I,CELLE LIGURE,220,SAVONA,74,2186,2350,4536,0,0,0,0,4,4,5,N,0,0,0,1689,1548,,20241028223514,20200920000000,7,74,220,74,SZ,009022
1070740230,187,,ESERCIZIO,Regionali Speciali,SCRUTINI,20241027000000,COMUNE,I,CENGIO,230,SAVONA,74,1346,1444,2790,624,625,1249,44.77,4,4,4,N,24,33,0,1192,1158,,20241028203332,20200920000000,7,74,230,74,SZ,009023
1070740240,188,,ESERCIZIO,Regionali Speciali,SCRUTINI,20241027000000,COMUNE,I,CERIALE,240,SAVONA,74,2206,2403,4609,940,989,1929,41.85,5,5,5,N,22,56,0,1851,1749,,20241028192153,20200920000000,7,74,240,74,SZ,009024
1070740250,189,,ESERCIZIO,Regionali Speciali,SCRUTINI,20241027000000,COMUNE,I,CISANO SUL NEVA,250,SAVONA,74,862,920,1782,490,508,998,56.00,2,2,2,N,8,28,6,956,940,,20241028204318,20200920000000,7,74,250,74,SZ,009025
1070740260,190,,ESERCIZIO,Regionali Speciali,SCRUTINI,20241027000000,COMUNE,I,COSSERIA,260,SAVONA,74,539,546,1085,230,233,463,42.67,1,1,1,N,9,21,0,433,414,,20241028183440,20200920000000,7,74,260,74,SZ,009026
1070740270,191,,ESERCIZIO,Regionali Speciali,SCRUTINI,20241027000000,COMUNE,I,DEGO,270,SAVONA,74,1180,1288,2468,315,283,598,24.23,2,2,2,N,8,15,0,575,544,,20241028172946,20200920000000,7,74,270,74,SZ,009027
1070740280,192,,ESERCIZIO,Regionali Speciali,SCRUTINI,20241027000000,COMUNE,I,ERLI,280,SAVONA,74,156,148,304,52,49,101,33.22,1,1,1,N,3,7,0,91,85,,20241028180410,20200920000000,7,74,280,74,SZ,009028
1070740290,193,,ESERCIZIO,Regionali Speciali,SCRUTINI,20241027000000,COMUNE,I,FINALE LIGURE,290,SAVONA,74,5077,5544,10621,2190,2345,4535,42.70,13,13,13,N,28,147,0,4360,3890,,20241028204318,20200920000000,7,74,290,74,SZ,009029
1070740300,194,,ESERCIZIO,Regionali Speciali,SCRUTINI,20241027000000,COMUNE,I,GARLENDA,300,SAVONA,74,576,593,1169,239,242,481,41.15,1,1,1,N,1,7,0,473,448,,20241028195459,20200920000000,7,74,300,74,SZ,009030
1070740310,195,,ESERCIZIO,Regionali Speciali,SCRUTINI,20241027000000,COMUNE,I,GIUSTENICE,310,SAVONA,74,457,451,908,207,224,431,47.47,1,1,1,N,7,11,0,413,390,,20241028172619,20200920000000,7,74,310,74,SZ,009031
1070740320,196,,ESERCIZIO,Regionali Speciali,SCRUTINI,20241027000000,COMUNE,I,GIUSVALLA,320,SAVONA,74,426,466,892,77,69,146,16.37,1,1,1,N,5,4,0,137,127,,20241028193926,20200920000000,7,74,320,74,SZ,009032
1070740330,197,,ESERCIZIO,Regionali Speciali,SCRUTINI,20241027000000,COMUNE,I,LAIGUEGLIA,330,SAVONA,74,755,805,1560,291,309,600,38.46,2,2,2,N,4,10,0,586,533,,20241028193926,20200920000000,7,74,330,74,SZ,009033
1070740340,198,,ESERCIZIO,Regionali Speciali,SCRUTINI,20241027000000,COMUNE,I,LOANO,340,SAVONA,74,4375,5022,9397,1926,2171,4097,43.60,10,10,10,N,35,114,0,3948,3730,,20241028182539,20200920000000,7,74,340,74,SZ,009034
1070740350,199,,ESERCIZIO,Regionali Speciali,SCRUTINI,20241027000000,COMUNE,I,MAGLIOLO,350,SAVONA,74,493,503,996,187,187,374,37.55,1,1,1,N,1,10,0,363,348,,20241028175637,20200920000000,7,74,350,74,SZ,009035
1070740360,200,,ESERCIZIO,Regionali Speciali,SCRUTINI,20241027000000,COMUNE,I,MALLARE,360,SAVONA,74,569,593,1162,194,183,377,32.44,1,1,1,N,2,12,0,363,324,,20241028211503,20200920000000,7,74,360,74,SZ,009036
1070740370,201,,ESERCIZIO,Regionali Speciali,SCRUTINI,20241027000000,COMUNE,I,MASSIMINO,370,SAVONA,74,48,54,102,27,26,53,51.96,1,1,1,N,0,5,0,48,47,,20241028162143,20200920000000,7,74,370,74,SZ,009037
1070740380,202,,ESERCIZIO,Regionali Speciali,SCRUTINI,20241027000000,COMUNE,I,MILLESIMO,380,SAVONA,74,1437,1584,3021,634,637,1271,42.07,3,3,3,N,15,34,0,1222,1176,,20241028183440,20200920000000,7,74,380,74,SZ,009038
1070740390,203,,ESERCIZIO,Regionali Speciali,SCRUTINI,20241027000000,COMUNE,I,MIOGLIA,390,SAVONA,74,338,349,687,117,99,216,31.44,1,1,1,N,6,4,0,206,186,,20241028174647,20200920000000,7,74,390,74,SZ,009039
1070740400,204,,ESERCIZIO,Regionali Speciali,SCRUTINI,20241027000000,COMUNE,I,MURIALDO,400,SAVONA,74,428,429,857,154,154,308,35.94,2,2,2,N,8,4,0,296,283,,20241028175305,20200920000000,7,74,400,74,SZ,009040
1070740410,205,,ESERCIZIO,Regionali Speciali,SCRUTINI,20241027000000,COMUNE,I,NASINO,410,SAVONA,74,133,105,238,43,33,76,31.93,1,1,1,N,0,1,0,75,70,,20241028165031,20200920000000,7,74,410,74,SZ,009041
1070740420,206,,ESERCIZIO,Regionali Speciali,SCRUTINI,20241027000000,COMUNE,I,NOLI,420,SAVONA,74,1181,1232,2413,490,530,1020,42.27,4,4,4,N,13,29,0,978,921,,20241028193923,20200920000000,7,74,420,74,SZ,009042
1070740430,207,,ESERCIZIO,Regionali Speciali,SCRUTINI,20241027000000,COMUNE,I,ONZO,430,SAVONA,74,79,97,176,54,51,105,59.66,1,1,1,N,0,1,0,104,98,,20241028165838,20200920000000,7,74,430,74,SZ,009043
1070740440,208,,ESERCIZIO,Regionali Speciali,SCRUTINI,20241027000000,COMUNE,I,ORCO FEGLINO,440,SAVONA,74,505,540,1045,212,190,402,38.47,2,2,2,N,4,11,0,387,362,,20241028183800,20200920000000,7,74,440,74,SZ,009044
1070740450,209,,ESERCIZIO,Regionali Speciali,SCRUTINI,20241027000000,COMUNE,I,ORTOVERO,450,SAVONA,74,641,632,1273,284,318,602,47.29,2,2,2,N,8,15,0,579,562,,20241028193921,20200920000000,7,74,450,74,SZ,009045
1070740460,210,,ESERCIZIO,Regionali Speciali,SCRUTINI,20241027000000,COMUNE,I,OSIGLIA,460,SAVONA,74,331,305,636,86,66,152,23.90,1,1,1,N,1,6,0,145,136,,20241028191611,20200920000000,7,74,460,74,SZ,009046
1070740470,211,,ESERCIZIO,Regionali Speciali,SCRUTINI,20241027000000,COMUNE,I,PALLARE,470,SAVONA,74,474,482,956,163,161,324,33.89,2,2,2,N,7,14,0,303,286,,20241028195459,20200920000000,7,74,470,74,SZ,009047
1070740480,212,,ESERCIZIO,Regionali Speciali,SCRUTINI,20241027000000,COMUNE,I,PIANA CRIXIA,480,SAVONA,74,360,363,723,106,95,201,27.80,1,1,1,N,2,4,0,195,188,,20241028204203,20200920000000,7,74,480,74,SZ,009048
1070740490,213,,ESERCIZIO,Regionali Speciali,SCRUTINI,20241027000000,COMUNE,I,PIETRA LIGURE,490,SAVONA,74,3532,3904,7436,1505,1571,3076,41.37,11,11,11,N,32,78,0,2966,2769,,20241028193923,20200920000000,7,74,490,74,SZ,009049
1070740500,214,,ESERCIZIO,Regionali Speciali,SCRUTINI,20241027000000,COMUNE,I,PLODIO,500,SAVONA,74,284,272,556,133,134,267,48.02,1,1,1,N,1,12,0,254,244,,20241028190040,20200920000000,7,74,500,74,SZ,009050
1070740510,215,,ESERCIZIO,Regionali Speciali,SCRUTINI,20241027000000,COMUNE,I,PONTINVREA,510,SAVONA,74,437,425,862,206,191,397,46.06,1,1,1,N,5,10,0,382,376,,20241028193923,20200920000000,7,74,510,74,SZ,009051
1070740520,216,,ESERCIZIO,Regionali Speciali,SCRUTINI,20241027000000,COMUNE,I,QUILIANO,520,SAVONA,74,3233,3419,6652,1524,1567,3091,46.47,9,9,9,N,27,101,0,2963,2773,,20241028191611,20200920000000,7,74,520,74,SZ,009052
1070740530,217,,ESERCIZIO,Regionali Speciali,SCRUTINI,20241027000000,COMUNE,I,RIALTO,530,SAVONA,74,331,341,672,113,96,209,31.10,1,1,1,N,2,3,0,204,183,,20241028203742,20200920000000,7,74,530,74,SZ,009053
1070740540,218,,ESERCIZIO,Regionali Speciali,SCRUTINI,20241027000000,COMUNE,I,ROCCAVIGNALE,540,SAVONA,74,446,482,928,160,174,334,35.99,1,1,1,N,4,13,0,317,304,,20241028182338,20200920000000,7,74,540,74,SZ,009054
1070740550,219,,ESERCIZIO,Regionali Speciali,SCRUTINI,20241027000000,COMUNE,I,SASSELLO,550,SAVONA,74,1104,1133,2237,390,376,766,34.24,4,4,4,N,9,15,0,742,701,,20241028201137,20200920000000,7,74,550,74,SZ,009055
1070740560,220,,ESERCIZIO,Regionali Speciali,SCRUTINI,20241027000000,COMUNE,I,SAVONA,560,SAVONA,74,23214,26386,49600,10949,12224,23173,46.72,61,61,61,N,153,709,0,22311,20843,,20241028215641,20200920000000,7,74,560,74,SZ,009056
1070740570,221,,ESERCIZIO,Regionali Speciali,SCRUTINI,20241027000000,COMUNE,I,SPOTORNO,570,SAVONA,74,1554,1654,3208,696,750,1446,45.07,4,4,4,N,12,37,4,1393,1288,,20241028205512,20200920000000,7,74,570,74,SZ,009057
1070740580,222,,ESERCIZIO,Regionali Speciali,SCRUTINI,20241027000000,COMUNE,I,STELLA,580,SAVONA,74,1539,1505,3044,672,604,1276,41.92,3,3,3,N,15,61,0,1200,1112,,20241028202534,20200920000000,7,74,580,74,SZ,009058
1070740590,223,,ESERCIZIO,Regionali Speciali,SCRUTINI,20241027000000,COMUNE,I,STELLANELLO,590,SAVONA,74,373,351,724,155,139,294,40.61,1,1,1,N,0,7,0,287,270,,20241028173813,20200920000000,7,74,590,74,SZ,009059
1070740600,224,,ESERCIZIO,Regionali Speciali,SCRUTINI,20241027000000,COMUNE,I,TESTICO,600,SAVONA,74,72,69,141,36,46,82,58.16,1,1,1,N,2,4,0,76,74,,20241028174645,20200920000000,7,74,600,74,SZ,009060
1070740610,225,,ESERCIZIO,Regionali Speciali,SCRUTINI,20241027000000,COMUNE,I,TOIRANO,610,SAVONA,74,1220,1243,2463,543,568,1111,45.11,3,3,3,N,9,38,0,1064,992,,20241028172849,20200920000000,7,74,610,74,SZ,009061
1070740620,226,,ESERCIZIO,Regionali Speciali,SCRUTINI,20241027000000,COMUNE,I,TOVO SAN GIACOMO,620,SAVONA,74,1158,1191,2349,551,541,1092,46.49,3,3,3,N,13,35,0,1044,992,,20241028193926,20200920000000,7,74,620,74,SZ,009062
1070740630,227,,ESERCIZIO,Regionali Speciali,SCRUTINI,20241027000000,COMUNE,I,URBE,630,SAVONA,74,414,390,804,155,143,298,37.06,2,2,2,N,2,10,0,286,258,,20241028193923,20200920000000,7,74,630,74,SZ,009063
1070740640,228,,ESERCIZIO,Regionali Speciali,SCRUTINI,20241027000000,COMUNE,I,VADO LIGURE,640,SAVONA,74,3461,3780,7241,1553,1679,3232,44.63,8,8,8,N,24,119,0,3089,2898,,20241028190042,20200920000000,7,74,640,74,SZ,009064
1070740650,229,,ESERCIZIO,Regionali Speciali,SCRUTINI,20241027000000,COMUNE,I,VARAZZE,650,SAVONA,74,5966,6278,12244,0,0,0,0,14,14,15,N,0,0,0,5165,4822,,20241028213648,20200920000000,7,74,650,74,SZ,009065
1070740660,230,,ESERCIZIO,Regionali Speciali,SCRUTINI,20241027000000,COMUNE,I,VENDONE,660,SAVONA,74,165,155,320,89,72,161,50.31,1,1,1,N,2,5,0,154,148,,20241028172307,20200920000000,7,74,660,74,SZ,009066
1070740670,231,,ESERCIZIO,Regionali Speciali,SCRUTINI,20241027000000,COMUNE,I,VEZZI PORTIO,670,SAVONA,74,394,373,767,166,149,315,41.07,1,1,1,N,3,6,0,306,291,,20241028201137,20200920000000,7,74,670,74,SZ,009067
1070740680,232,,ESERCIZIO,Regionali Speciali,SCRUTINI,20241027000000,COMUNE,I,VILLANOVA D'ALBENGA,680,SAVONA,74,1180,1177,2357,560,575,1135,48.15,3,3,3,N,21,37,0,1077,1010,,20241028201135,20200920000000,7,74,680,74,SZ,009068
1070740690,233,,ESERCIZIO,Regionali Speciali,SCRUTINI,20241027000000,COMUNE,I,ZUCCARELLO,690,SAVONA,74,152,165,317,73,83,156,49.21,1,1,1,N,1,7,0,148,148,,20241028172635,20200920000000,7,74,690,74,SZ,009069
1070340010,0,,ESERCIZIO,Regionali Speciali,SCRUTINI,20241027000000,COMUNE,I,ARENZANO,10,GENOVA,34,4922,5395,10317,2828,3005,5833,56.54,10,10,10,N,44,83,0,5706,5353,,20241028200750,20200920000000,7,34,10,34,SZ,010001
1070340020,1,,ESERCIZIO,Regionali Speciali,SCRUTINI,20241027000000,COMUNE,I,AVEGNO,20,GENOVA,34,1130,1114,2244,565,522,1087,48.44,3,3,3,N,5,13,0,1069,1017,,20241028194727,20200920000000,7,34,20,34,SZ,010002
1070340030,2,,ESERCIZIO,Regionali Speciali,SCRUTINI,20241027000000,COMUNE,I,BARGAGLI,30,GENOVA,34,1164,1119,2283,520,455,975,42.71,4,4,4,N,8,25,0,942,886,,20241028220117,20200920000000,7,34,30,34,SZ,010003
1070340040,3,,ESERCIZIO,Regionali Speciali,SCRUTINI,20241027000000,COMUNE,I,BOGLIASCO,40,GENOVA,34,2123,2281,4404,1039,1141,2180,49.50,4,4,4,N,10,37,0,2133,2012,,20241028202526,20200920000000,7,34,40,34,SZ,010004
1070340050,4,,ESERCIZIO,Regionali Speciali,SCRUTINI,20241027000000,COMUNE,I,BORZONASCA,50,GENOVA,34,932,869,1801,333,296,629,34.93,3,3,3,N,10,24,0,595,565,,20241028214533,20200920000000,7,34,50,34,SZ,010005
1070340060,5,,ESERCIZIO,Regionali Speciali,SCRUTINI,20241027000000,COMUNE,I,BUSALLA,60,GENOVA,34,2181,2311,4492,0,0,0,0,6,6,7,N,0,0,0,1917,1765,,20241028224155,20200920000000,7,34,60,34,SZ,010006
1070340070,6,,ESERCIZIO,Regionali Speciali,SCRUTINI,20241027000000,COMUNE,I,CAMOGLI,70,GENOVA,34,2870,2910,5780,1294,1295,2589,44.79,7,7,7,N,13,33,3,2540,2426,,20241028201234,20200920000000,7,34,70,34,SZ,010007
1070340080,7,,ESERCIZIO,Regionali Speciali,SCRUTINI,20241027000000,COMUNE,I,CAMPO LIGURE,80,GENOVA,34,1190,1209,2399,676,676,1352,56.36,3,3,3,N,18,28,0,1306,1265,,20241028194422,20200920000000,7,34,80,34,SZ,010008
1070340090,8,,ESERCIZIO,Regionali Speciali,SCRUTINI,20241027000000,COMUNE,I,CAMPOMORONE,90,GENOVA,34,2901,3071,5972,1499,1529,3028,50.70,9,9,9,N,20,87,0,2921,2740,,20241028210210,20200920000000,7,34,90,34,SZ,010009
1070340100,9,,ESERCIZIO,Regionali Speciali,SCRUTINI,20241027000000,COMUNE,I,CARASCO,100,GENOVA,34,1651,1664,3315,0,0,0,0,3,3,4,N,0,0,0,1013,959,,20241028211725,20200920000000,7,34,100,34,SZ,010010
1070340110,10,,ESERCIZIO,Regionali Speciali,SCRUTINI,20241027000000,COMUNE,I,CASARZA LIGURE,110,GENOVA,34,2869,2958,5827,1454,1477,2931,50.30,6,6,6,N,18,91,0,2822,2724,,20241028202526,20200920000000,7,34,110,34,SZ,010011
1070340120,11,,ESERCIZIO,Regionali Speciali,SCRUTINI,20241027000000,COMUNE,I,CASELLA,120,GENOVA,34,1378,1372,2750,638,652,1290,46.91,3,3,3,N,8,30,0,1252,1191,,20241028190116,20200920000000,7,34,120,34,SZ,010012
1070340130,12,,ESERCIZIO,Regionali Speciali,SCRUTINI,20241027000000,COMUNE,I,CASTIGLIONE CHIAVARESE,130,GENOVA,34,875,907,1782,329,341,670,37.60,2,2,2,N,8,16,0,646,626,,20241028180102,20200920000000,7,34,130,34,SZ,010013
1070340140,13,,ESERCIZIO,Regionali Speciali,SCRUTINI,20241027000000,COMUNE,I,CERANESI,140,GENOVA,34,1630,1594,3224,850,842,1692,52.48,6,6,6,N,8,46,1,1637,1541,,20241028185722,20200920000000,7,34,140,34,SZ,010014
1070340150,14,,ESERCIZIO,Regionali Speciali,SCRUTINI,20241027000000,COMUNE,I,CHIAVARI,150,GENOVA,34,12198,14128,26326,5632,6329,11961,45.43,29,29,29,N,78,229,0,11654,11047,,20241028205022,20200920000000,7,34,150,34,SZ,010015
1070340160,15,,ESERCIZIO,Regionali Speciali,SCRUTINI,20241027000000,COMUNE,I,CICAGNA,160,GENOVA,34,1030,979,2009,471,440,911,45.35,2,2,2,N,9,32,0,870,829,,20241028215737,20200920000000,7,34,160,34,SZ,010016
1070340170,16,,ESERCIZIO,Regionali Speciali,SCRUTINI,20241027000000,COMUNE,I,COGOLETO,170,GENOVA,34,3585,3908,7493,1960,2112,4072,54.34,10,10,10,N,34,125,0,3913,3662,,20241028220405,20200920000000,7,34,170,34,SZ,010017
1070340180,17,,ESERCIZIO,Regionali Speciali,SCRUTINI,20241027000000,COMUNE,I,COGORNO,180,GENOVA,34,2845,2979,5824,1266,1259,2525,43.36,5,5,5,N,40,78,0,2407,2249,,20241028205225,20200920000000,7,34,180,34,SZ,010018
1070340190,18,,ESERCIZIO,Regionali Speciali,SCRUTINI,20241027000000,COMUNE,I,COREGLIA LIGURE,190,GENOVA,34,160,141,301,64,56,120,39.87,1,1,1,N,2,3,0,115,111,,20241028172800,20200920000000,7,34,190,34,SZ,010019
1070340200,19,,ESERCIZIO,Regionali Speciali,SCRUTINI,20241027000000,COMUNE,I,CROCEFIESCHI,200,GENOVA,34,303,249,552,163,135,298,53.99,1,1,1,N,1,11,0,286,266,,20241028215750,20200920000000,7,34,200,34,SZ,010020
1070340210,20,,ESERCIZIO,Regionali Speciali,SCRUTINI,20241027000000,COMUNE,I,DAVAGNA,210,GENOVA,34,868,796,1664,369,335,704,42.31,2,2,2,N,6,20,0,678,647,,20241028200506,20200920000000,7,34,210,34,SZ,010021
1070340220,21,,ESERCIZIO,Regionali Speciali,SCRUTINI,20241027000000,COMUNE,I,FASCIA,220,GENOVA,34,39,40,79,26,17,43,54.43,1,1,1,N,2,1,0,40,38,,20241028154905,20200920000000,7,34,220,34,SZ,010022
1070340230,22,,ESERCIZIO,Regionali Speciali,SCRUTINI,20241027000000,COMUNE,I,FAVALE DI MALVARO,230,GENOVA,34,354,385,739,106,99,205,27.74,1,1,1,N,9,6,0,190,183,,20241028203139,20200920000000,7,34,230,34,SZ,010023
1070340240,23,,ESERCIZIO,Regionali Speciali,SCRUTINI,20241027000000,COMUNE,I,FONTANIGORDA,240,GENOVA,34,124,95,219,68,54,122,55.71,1,1,1,N,3,4,0,115,113,,20241028193553,20200920000000,7,34,240,34,SZ,010024
1070340250,24,,ESERCIZIO,Regionali Speciali,SCRUTINI,20241027000000,COMUNE,I,GENOVA,250,GENOVA,34,225668,253210,478878,0,0,0,0,644,644,653,N,0,0,0,229435,214289,,20241028224005,20200920000000,7,34,250,34,SZ,010025
1070340260,25,,ESERCIZIO,Regionali Speciali,SCRUTINI,20241027000000,COMUNE,I,GORRETO,260,GENOVA,34,56,53,109,33,21,54,49.54,1,1,1,N,1,0,0,53,52,,20241028162406,20200920000000,7,34,260,34,SZ,010026
1070340270,26,,ESERCIZIO,Regionali Speciali,SCRUTINI,20241027000000,COMUNE,I,ISOLA DEL CANTONE,270,GENOVA,34,930,884,1814,315,280,595,32.80,2,2,2,N,4,12,0,579,556,,20241028184339,20200920000000,7,34,270,34,SZ,010027
1070340280,27,,ESERCIZIO,Regionali Speciali,SCRUTINI,20241027000000,COMUNE,I,LAVAGNA,280,GENOVA,34,5662,6406,12068,2558,2746,5304,43.95,11,11,11,N,44,117,0,5143,4907,,20241028214048,20200920000000,7,34,280,34,SZ,010028
1070340290,28,,ESERCIZIO,Regionali Speciali,SCRUTINI,20241027000000,COMUNE,I,LEIVI,290,GENOVA,34,1189,1221,2410,539,552,1091,45.27,2,2,2,N,1,34,0,1056,998,,20241028222448,20200920000000,7,34,290,34,SZ,010029
1070340300,29,,ESERCIZIO,Regionali Speciali,SCRUTINI,20241027000000,COMUNE,I,LORSICA,300,GENOVA,34,237,254,491,102,89,191,38.90,1,1,1,N,5,6,0,180,172,,20241028205023,20200920000000,7,34,300,34,SZ,010030
1070340310,30,,ESERCIZIO,Regionali Speciali,SCRUTINI,20241027000000,COMUNE,I,LUMARZO,310,GENOVA,34,941,925,1866,310,298,608,32.58,2,2,2,N,5,14,0,589,557,,20241028195833,20200920000000,7,34,310,34,SZ,010031
1070340320,31,,ESERCIZIO,Regionali Speciali,SCRUTINI,20241027000000,COMUNE,I,MASONE,320,GENOVA,34,1632,1659,3291,892,888,1780,54.09,4,4,4,N,30,41,0,1709,1635,,20241028212642,20200920000000,7,34,320,34,SZ,010032
1070340330,32,,ESERCIZIO,Regionali Speciali,SCRUTINI,20241027000000,COMUNE,I,MELE,330,GENOVA,34,1103,1133,2236,611,609,1220,54.56,3,3,3,N,9,28,0,1183,1095,,20241028185247,20200920000000,7,34,330,34,SZ,010033
1070340340,33,,ESERCIZIO,Regionali Speciali,SCRUTINI,20241027000000,COMUNE,I,MEZZANEGO,340,GENOVA,34,730,730,1460,292,255,547,37.47,2,2,2,N,13,33,0,501,479,,20241028182040,20200920000000,7,34,340,34,SZ,010034
1070340350,34,,ESERCIZIO,Regionali Speciali,SCRUTINI,20241027000000,COMUNE,I,MIGNANEGO,350,GENOVA,34,1574,1659,3233,780,772,1552,48.00,4,4,4,N,11,45,0,1496,1415,,20241028210656,20200920000000,7,34,350,34,SZ,010035
1070340360,35,,ESERCIZIO,Regionali Speciali,SCRUTINI,20241027000000,COMUNE,I,MOCONESI,360,GENOVA,34,1142,1089,2231,511,485,996,44.64,3,3,3,N,13,34,0,949,916,,20241028194508,20200920000000,7,34,360,34,SZ,010036
1070340370,36,,ESERCIZIO,Regionali Speciali,SCRUTINI,20241027000000,COMUNE,I,MONEGLIA,370,GENOVA,34,1489,1554,3043,626,633,1259,41.37,3,3,3,N,15,27,0,1217,1174,,20241028204900,20200920000000,7,34,370,34,SZ,010037
1070340380,37,,ESERCIZIO,Regionali Speciali,SCRUTINI,20241027000000,COMUNE,I,MONTEBRUNO,380,GENOVA,34,95,100,195,48,34,82,42.05,1,1,1,N,2,0,0,80,77,,20241028172333,20200920000000,7,34,380,34,SZ,010038
1070340390,38,,ESERCIZIO,Regionali Speciali,SCRUTINI,20241027000000,COMUNE,I,MONTOGGIO,390,GENOVA,34,943,935,1878,409,419,828,44.09,2,2,2,N,7,31,0,790,736,,20241028214533,20200920000000,7,34,390,34,SZ,010039
1070340400,39,,ESERCIZIO,Regionali Speciali,SCRUTINI,20241027000000,COMUNE,I,NE,400,GENOVA,34,1230,1193,2423,472,414,886,36.57,5,5,5,N,9,32,0,845,814,,20241028191251,20200920000000,7,34,400,34,SZ,010040
1070340410,40,,ESERCIZIO,Regionali Speciali,SCRUTINI,20241027000000,COMUNE,I,NEIRONE,410,GENOVA,34,481,440,921,193,160,353,38.33,2,2,2,N,3,4,0,346,332,,20241028181541,20200920000000,7,34,410,34,SZ,010041
1070340420,41,,ESERCIZIO,Regionali Speciali,SCRUTINI,20241027000000,COMUNE,I,ORERO,420,GENOVA,34,266,259,525,131,105,236,44.95,1,1,1,N,5,3,0,228,222,,20241028192144,20200920000000,7,34,420,34,SZ,010042
1070340430,42,,ESERCIZIO,Regionali Speciali,SCRUTINI,20241027000000,COMUNE,I,PIEVE LIGURE,430,GENOVA,34,1394,1463,2857,0,0,0,0,2,2,3,N,0,0,0,824,764,,20241028214323,20200920000000,7,34,430,34,SZ,010043
1070340440,43,,ESERCIZIO,Regionali Speciali,SCRUTINI,20241027000000,COMUNE,I,PORTOFINO,440,GENOVA,34,413,428,841,83,89,172,20.45,1,1,1,N,4,3,0,165,140,,20241028195301,20200920000000,7,34,440,34,SZ,010044
1070340450,44,,ESERCIZIO,Regionali Speciali,SCRUTINI,20241027000000,COMUNE,I,PROPATA,450,GENOVA,34,85,77,162,31,23,54,33.33,1,1,1,N,0,2,0,52,49,,20241028175554,20200920000000,7,34,450,34,SZ,010045
1070340460,45,,ESERCIZIO,Regionali Speciali,SCRUTINI,20241027000000,COMUNE,I,RAPALLO,460,GENOVA,34,13941,15345,29286,5357,5796,11153,38.08,32,32,32,N,77,250,9,10817,10226,,20241028193809,20200920000000,7,34,460,34,SZ,010046
1070340470,46,,ESERCIZIO,Regionali Speciali,SCRUTINI,20241027000000,COMUNE,I,RECCO,470,GENOVA,34,4556,5031,9587,2117,2347,4464,46.56,10,10,10,N,23,82,0,4359,4075,,20241028221748,20200920000000,7,34,470,34,SZ,010047
1070340480,47,,ESERCIZIO,Regionali Speciali,SCRUTINI,20241027000000,COMUNE,I,REZZOAGLIO,480,GENOVA,34,384,381,765,201,180,381,49.80,3,3,3,N,1,9,0,371,351,,20241028185057,20200920000000,7,34,480,34,SZ,010048
1070340490,48,,ESERCIZIO,Regionali Speciali,SCRUTINI,20241027000000,COMUNE,I,RONCO SCRIVIA,490,GENOVA,34,1894,1951,3845,868,859,1727,44.92,4,4,4,N,8,32,0,1687,1584,,20241028214048,20200920000000,7,34,490,34,SZ,010049
1070340500,49,,ESERCIZIO,Regionali Speciali,SCRUTINI,20241027000000,COMUNE,I,RONDANINA,500,GENOVA,34,42,29,71,17,9,26,36.62,1,1,1,N,1,0,0,25,21,,20241028160350,20200920000000,7,34,500,34,SZ,010050
1070340510,50,,ESERCIZIO,Regionali Speciali,SCRUTINI,20241027000000,COMUNE,I,ROSSIGLIONE,510,GENOVA,34,1085,1155,2240,655,637,1292,57.68,3,3,3,N,16,22,0,1254,1212,,20241028193256,20200920000000,7,34,510,34,SZ,010051
1070340520,51,,ESERCIZIO,Regionali Speciali,SCRUTINI,20241027000000,COMUNE,I,ROVEGNO,520,GENOVA,34,240,176,416,145,85,230,55.29,1,1,1,N,4,3,0,223,219,,20241028220318,20200920000000,7,34,520,34,SZ,010052
1070340530,52,,ESERCIZIO,Regionali Speciali,SCRUTINI,20241027000000,COMUNE,I,SAN COLOMBANO CERTENOLI,530,GENOVA,34,1453,1455,2908,515,501,1016,34.94,3,3,3,N,10,27,0,979,955,,20241028214933,20200920000000,7,34,530,34,SZ,010053
1070340540,53,,ESERCIZIO,Regionali Speciali,SCRUTINI,20241027000000,COMUNE,I,SANTA MARGHERITA LIGURE,540,GENOVA,34,4631,5173,9804,1756,1877,3633,37.06,11,11,11,N,11,71,0,3551,3387,,20241028184017,20200920000000,7,34,540,34,SZ,010054
1070340550,54,,ESERCIZIO,Regionali Speciali,SCRUTINI,20241027000000,COMUNE,I,SANT'OLCESE,550,GENOVA,34,2414,2471,4885,1460,1535,2995,61.31,9,9,9,N,27,60,8,2900,2790,,20241028200945,20200920000000,7,34,550,34,SZ,010055
1070340560,55,,ESERCIZIO,Regionali Speciali,SCRUTINI,20241027000000,COMUNE,I,SANTO STEFANO D'AVETO,560,GENOVA,34,474,439,913,0,0,0,0,1,1,2,N,0,0,0,181,180,,20241028175018,20200920000000,7,34,560,34,SZ,010056
1070340570,56,,ESERCIZIO,Regionali Speciali,SCRUTINI,20241027000000,COMUNE,I,SAVIGNONE,570,GENOVA,34,1405,1422,2827,659,653,1312,46.41,5,5,5,N,9,42,0,1261,1179,,20241028182343,20200920000000,7,34,570,34,SZ,010057
1070340580,57,,ESERCIZIO,Regionali Speciali,SCRUTINI,20241027000000,COMUNE,I,SERRA RICCO',580,GENOVA,34,3432,3514,6946,1751,1797,3548,51.08,8,8,8,N,30,73,0,3445,3272,,20241028214902,20200920000000,7,34,580,34,SZ,010058
1070340590,58,,ESERCIZIO,Regionali Speciali,SCRUTINI,20241027000000,COMUNE,I,SESTRI LEVANTE,590,GENOVA,34,8147,8952,17099,3662,3957,7619,44.56,23,23,23,N,64,170,0,7385,6968,,20241028205501,20200920000000,7,34,590,34,SZ,010059
1070340600,59,,ESERCIZIO,Regionali Speciali,SCRUTINI,20241027000000,COMUNE,I,SORI,600,GENOVA,34,2227,2349,4576,955,976,1931,42.20,4,4,4,N,10,58,0,1863,1505,,20241028214212,20200920000000,7,34,600,34,SZ,010060
1070340610,60,,ESERCIZIO,Regionali Speciali,SCRUTINI,20241027000000,COMUNE,I,TIGLIETO,610,GENOVA,34,512,541,1053,144,108,252,23.93,2,2,2,N,3,6,0,243,233,,20241028184653,20200920000000,7,34,610,34,SZ,010061
1070340620,61,,ESERCIZIO,Regionali Speciali,SCRUTINI,20241027000000,COMUNE,I,TORRIGLIA,620,GENOVA,34,1098,1095,2193,517,455,972,44.32,3,3,3,N,3,23,0,946,899,,20241028202527,20200920000000,7,34,620,34,SZ,010062
1070340630,62,,ESERCIZIO,Regionali Speciali,SCRUTINI,20241027000000,COMUNE,I,TRIBOGNA,630,GENOVA,34,323,313,636,117,110,227,35.69,1,1,1,N,4,1,0,222,217,,20241028190636,20200920000000,7,34,630,34,SZ,010063
1070340640,63,,ESERCIZIO,Regionali Speciali,SCRUTINI,20241027000000,COMUNE,I,USCIO,640,GENOVA,34,938,955,1893,419,431,850,44.90,2,2,2,N,8,19,0,823,796,,20241028220318,20200920000000,7,34,640,34,SZ,010064
1070340650,64,,ESERCIZIO,Regionali Speciali,SCRUTINI,20241027000000,COMUNE,I,VALBREVENNA,650,GENOVA,34,469,394,863,186,155,341,39.51,1,1,1,N,4,7,0,330,312,,20241028211918,20200920000000,7,34,650,34,SZ,010065
1070340660,65,,ESERCIZIO,Regionali Speciali,SCRUTINI,20241027000000,COMUNE,I,VOBBIA,660,GENOVA,34,207,173,380,102,75,177,46.58,1,1,1,N,3,1,0,173,166,,20241028182806,20200920000000,7,34,660,34,SZ,010066
1070340670,66,,ESERCIZIO,Regionali Speciali,SCRUTINI,20241027000000,COMUNE,I,ZOAGLI,670,GENOVA,34,2035,2066,4101,489,493,982,23.95,4,4,4,N,2,20,0,960,903,,20241028195007,20200920000000,7,34,670,34,SZ,010067
1070390010,133,,ESERCIZIO,Regionali Speciali,SCRUTINI,20241027000000,COMUNE,I,AMEGLIA,10,LA SPEZIA,39,1859,1913,3772,899,909,1808,47.93,5,5,5,N,13,66,0,1729,1676,,20241028223329,20200920000000,7,39,10,39,SZ,011001
1070390020,134,,ESERCIZIO,Regionali Speciali,SCRUTINI,20241027000000,COMUNE,I,ARCOLA,20,LA SPEZIA,39,4125,4367,8492,0,0,0,0,10,10,11,N,0,0,0,3344,3192,,20241028212546,20200920000000,7,39,20,39,SZ,011002
1070390030,135,,ESERCIZIO,Regionali Speciali,SCRUTINI,20241027000000,COMUNE,I,BEVERINO,30,LA SPEZIA,39,1135,1184,2319,563,542,1105,47.65,3,3,3,N,18,31,0,1056,1031,,20241028211738,20200920000000,7,39,30,39,SZ,011003
1070390040,136,,ESERCIZIO,Regionali Speciali,SCRUTINI,20241027000000,COMUNE,I,BOLANO,40,LA SPEZIA,39,3234,3378,6612,0,0,0,0,7,7,8,N,0,0,0,2463,2368,,20241028205512,20200920000000,7,39,40,39,SZ,011004
1070390050,137,,ESERCIZIO,Regionali Speciali,SCRUTINI,20241027000000,COMUNE,I,BONASSOLA,50,LA SPEZIA,39,353,407,760,186,206,392,51.58,2,2,2,N,3,19,0,370,351,,20241028184648,20200920000000,7,39,50,39,SZ,011005
1070390060,138,,ESERCIZIO,Regionali Speciali,SCRUTINI,20241027000000,COMUNE,I,BORGHETTO DI VARA,60,LA SPEZIA,39,569,568,1137,209,219,428,37.64,4,4,4,N,6,17,0,405,391,,20241028185452,20200920000000,7,39,60,39,SZ,011006
1070390070,139,,ESERCIZIO,Regionali Speciali,SCRUTINI,20241027000000,COMUNE,I,BRUGNATO,70,LA SPEZIA,39,579,596,1175,342,342,684,58.21,2,2,2,N,6,22,0,656,606,,20241028212328,20200920000000,7,39,70,39,SZ,011007
1070390080,140,,ESERCIZIO,Regionali Speciali,SCRUTINI,20241027000000,COMUNE,I,CALICE AL CORNOVIGLIO,80,LA SPEZIA,39,706,678,1384,221,202,423,30.56,2,2,2,N,7,6,0,410,400,,20241028181649,20200920000000,7,39,80,39,SZ,011008
1070390090,141,,ESERCIZIO,Regionali Speciali,SCRUTINI,20241027000000,COMUNE,I,CARRO,90,LA SPEZIA,39,314,311,625,123,117,240,38.40,2,2,2,N,2,8,0,230,225,,20241028172901,20200920000000,7,39,90,39,SZ,011009
1070390100,142,,ESERCIZIO,Regionali Speciali,SCRUTINI,20241027000000,COMUNE,I,CARRODANO,100,LA SPEZIA,39,278,275,553,114,123,237,42.86,2,2,2,N,3,8,0,226,210,,20241028172459,20200920000000,7,39,100,39,SZ,011010
1070390110,143,,ESERCIZIO,Regionali Speciali,SCRUTINI,20241027000000,COMUNE,I,CASTELNUOVO MAGRA,110,LA SPEZIA,39,3498,3662,7160,1565,1671,3236,45.20,11,11,11,N,31,86,0,3119,2979,,20241028205604,20200920000000,7,39,110,39,SZ,011011
1070390120,144,,ESERCIZIO,Regionali Speciali,SCRUTINI,20241027000000,COMUNE,I,DEIVA MARINA,120,LA SPEZIA,39,814,824,1638,329,317,646,39.44,3,3,3,N,3,21,0,622,588,,20241028192047,20200920000000,7,39,120,39,SZ,011012
1070390130,145,,ESERCIZIO,Regionali Speciali,SCRUTINI,20241027000000,COMUNE,I,FOLLO,130,LA SPEZIA,39,2613,2697,5310,1251,1290,2541,47.85,7,7,7,N,27,81,1,2432,2358,,20241028222053,20200920000000,7,39,130,39,SZ,011013
1070390140,146,,ESERCIZIO,Regionali Speciali,SCRUTINI,20241027000000,COMUNE,I,FRAMURA,140,LA SPEZIA,39,348,353,701,158,150,308,43.94,2,2,2,N,0,8,0,300,287,,20241028204247,20200920000000,7,39,140,39,SZ,011014
1070390150,147,,ESERCIZIO,Regionali Speciali,SCRUTINI,20241027000000,COMUNE,I,LA SPEZIA,150,LA SPEZIA,39,35377,39021,74398,0,0,0,0,91,91,96,N,0,0,0,32762,31262,,20241028220458,20200920000000,7,39,150,39,SZ,011015
1070390160,148,,ESERCIZIO,Regionali Speciali,SCRUTINI,20241027000000,COMUNE,I,LERICI,160,LA SPEZIA,39,4245,4583,8828,0,0,0,0,10,10,13,N,0,0,0,3336,3193,,20241028224158,20200920000000,7,39,160,39,SZ,011016
1070390170,149,,ESERCIZIO,Regionali Speciali,SCRUTINI,20241027000000,COMUNE,I,LEVANTO,170,LA SPEZIA,39,2333,2511,4844,1201,1230,2431,50.19,6,6,6,N,12,76,0,2343,2216,,20241028205215,20200920000000,7,39,170,39,SZ,011017
1070390180,150,,ESERCIZIO,Regionali Speciali,SCRUTINI,20241027000000,COMUNE,I,MAISSANA,180,LA SPEZIA,39,339,269,608,131,101,232,38.16,1,1,1,N,4,10,0,218,214,,20241028181542,20200920000000,7,39,180,39,SZ,011018
1070390190,151,,ESERCIZIO,Regionali Speciali,SCRUTINI,20241027000000,COMUNE,I,MONTEROSSO AL MARE,190,LA SPEZIA,39,937,1043,1980,280,325,605,30.56,2,2,2,N,10,28,0,567,541,,20241028200616,20200920000000,7,39,190,39,SZ,011019
1070390200,152,,ESERCIZIO,Regionali Speciali,SCRUTINI,20241027000000,COMUNE,I,LUNI,200,LA SPEZIA,39,3467,3532,6999,1477,1499,2976,42.52,8,8,8,N,33,98,0,2845,2751,,20241028205953,20200920000000,7,39,200,39,SZ,011020
1070390210,153,,ESERCIZIO,Regionali Speciali,SCRUTINI,20241027000000,COMUNE,I,PIGNONE,210,LA SPEZIA,39,479,474,953,161,135,296,31.06,2,2,2,N,6,8,0,282,273,,20241028184102,20200920000000,7,39,210,39,SZ,011021
1070390220,154,,ESERCIZIO,Regionali Speciali,SCRUTINI,20241027000000,COMUNE,I,PORTOVENERE,220,LA SPEZIA,39,1632,1592,3224,749,766,1515,46.99,4,4,4,N,16,27,1,1471,1423,,20241028214224,20200920000000,7,39,220,39,SZ,011022
1070390230,155,,ESERCIZIO,Regionali Speciali,SCRUTINI,20241027000000,COMUNE,I,RICCO' DEL GOLFO DI SPEZIA,230,LA SPEZIA,39,1662,1715,3377,765,720,1485,43.97,5,5,5,N,7,33,0,1445,1392,,20241028203204,20200920000000,7,39,230,39,SZ,011023
1070390240,156,,ESERCIZIO,Regionali Speciali,SCRUTINI,20241027000000,COMUNE,I,RIOMAGGIORE,240,LA SPEZIA,39,753,739,1492,370,352,722,48.39,3,3,3,N,7,10,0,705,688,,20241028200001,20200920000000,7,39,240,39,SZ,011024
1070390250,157,,ESERCIZIO,Regionali Speciali,SCRUTINI,20241027000000,COMUNE,I,ROCCHETTA DI VARA,250,LA SPEZIA,39,374,324,698,187,134,321,45.99,3,3,3,N,8,8,0,305,269,,20241028181757,20200920000000,7,39,250,39,SZ,011025
1070390260,158,,ESERCIZIO,Regionali Speciali,SCRUTINI,20241027000000,COMUNE,I,SANTO STEFANO DI MAGRA,260,LA SPEZIA,39,4016,4153,8169,1961,2026,3987,48.81,9,9,9,N,31,101,0,3855,3717,,20241028205724,20200920000000,7,39,260,39,SZ,011026
1070390270,159,,ESERCIZIO,Regionali Speciali,SCRUTINI,20241027000000,COMUNE,I,SARZANA,270,LA SPEZIA,39,8922,9612,18534,4474,4749,9223,49.76,24,24,24,N,54,196,0,8973,8626,,20241028213527,20200920000000,7,39,270,39,SZ,011027
1070390280,160,,ESERCIZIO,Regionali Speciali,SCRUTINI,20241027000000,COMUNE,I,SESTA GODANO,280,LA SPEZIA,39,801,806,1607,382,345,727,45.24,2,2,2,N,13,43,0,671,634,,20241028193101,20200920000000,7,39,280,39,SZ,011028
1070390290,161,,ESERCIZIO,Regionali Speciali,SCRUTINI,20241027000000,COMUNE,I,VARESE LIGURE,290,LA SPEZIA,39,1013,1006,2019,475,438,913,45.22,3,3,3,N,15,37,0,861,820,,20241028213527,20200920000000,7,39,290,39,SZ,011029
1070390300,162,,ESERCIZIO,Regionali Speciali,SCRUTINI,20241027000000,COMUNE,I,VERNAZZA,300,LA SPEZIA,39,461,466,927,203,191,394,42.50,2,2,2,N,4,11,0,379,373,,20241028203727,20200920000000,7,39,300,39,SZ,011030
1070390310,163,,ESERCIZIO,Regionali Speciali,SCRUTINI,20241027000000,COMUNE,I,VEZZANO LIGURE,310,LA SPEZIA,39,2923,3145,6068,1522,1551,3073,50.64,10,10,10,N,23,89,0,2961,2823,,20241028203522,20200920000000,7,39,310,39,SZ,011031
1070390320,164,,ESERCIZIO,Regionali Speciali,SCRUTINI,20241027000000,COMUNE,I,ZIGNAGO,320,LA SPEZIA,39,228,211,439,137,118,255,58.09,1,1,1,N,6,20,0,229,217,,20241028170316,20200920000000,7,39,320,39,SZ,011032
