_link,note,int_st,int_t_ele,int_f_elet,int_dt_ele,int_l_terr,int_area,int_desc_com,int_cod_com,int_desc_prov,int_cod_prov,int_ele_m,int_ele_f,int_ele_t,int_vot_m,int_vot_f,int_vot_t,int_perc_vot,int_sz_pres,int_sz_cons,int_sz_tot,int_fine_rip,int_sk_bianche,int_sk_nulle,int_sk_contestate,int_tot_vot_cand,int_tot_vot_lis,int_non_valid,int_dt_agg,int_data_prec_elez,int_reg_sto,int_prov_sto,int_comu_sto,int_circ_sto,int_tipo_tras
0,,ESERCIZIO,Regionali Speciali,SCRUTINI,20241027000000,COMUNE,I,ARENZANO,10,GENOVA,34,4922,5395,10317,0,0,0,0,4,4,10,N,0,0,0,2199,2023,,20241028185056,20200920000000,7,34,10,34,SZ
1,,ESERCIZIO,Regionali Speciali,SCRUTINI,20241027000000,COMUNE,I,AVEGNO,20,GENOVA,34,1130,1114,2244,0,0,0,0,2,2,3,N,0,0,0,793,759,,20241028183256,20200920000000,7,34,20,34,SZ
2,,ESERCIZIO,Regionali Speciali,SCRUTINI,20241027000000,COMUNE,I,BARGAGLI,30,GENOVA,34,1164,1119,2283,0,0,0,0,1,1,4,N,0,0,0,151,137,,20241028172331,20200920000000,7,34,30,34,SZ
3,,ESERCIZIO,Regionali Speciali,SCRUTINI,20241027000000,COMUNE,I,BOGLIASCO,40,GENOVA,34,2123,2281,4404,0,0,0,0,2,2,4,N,0,0,0,1075,997,,20241028185724,20200920000000,7,34,40,34,SZ
4,,ESERCIZIO,Regionali Speciali,SCRUTINI,20241027000000,COMUNE,I,BORZONASCA,50,GENOVA,34,932,869,1801,0,0,0,0,2,2,3,N,0,0,0,369,351,,20241028190116,20200920000000,7,34,50,34,SZ
5,,ESERCIZIO,Regionali Speciali,SCRUTINI,20241027000000,COMUNE,I,BUSALLA,60,GENOVA,34,2181,2311,4492,0,0,0,0,3,3,7,N,0,0,0,920,852,,20241028185952,20200920000000,7,34,60,34,SZ
6,,ESERCIZIO,Regionali Speciali,SCRUTINI,20241027000000,COMUNE,I,CAMOGLI,70,GENOVA,34,2870,2910,5780,0,0,0,0,5,5,7,N,0,0,0,1694,1624,,20241028190116,20200920000000,7,34,70,34,SZ
7,,ESERCIZIO,Regionali Speciali,SCRUTINI,20241027000000,COMUNE,I,CAMPO LIGURE,80,GENOVA,34,1190,1209,2399,0,0,0,0,1,1,3,N,0,0,0,460,443,,20241028175153,20200920000000,7,34,80,34,SZ
8,,ESERCIZIO,Regionali Speciali,SCRUTINI,20241027000000,COMUNE,I,CAMPOMORONE,90,GENOVA,34,2901,3071,5972,0,0,0,0,6,6,9,N,0,0,0,1727,1625,,20241028185627,20200920000000,7,34,90,34,SZ
9,,ESERCIZIO,Regionali Speciali,SCRUTINI,20241027000000,COMUNE,I,CARASCO,100,GENOVA,34,1651,1664,3315,0,0,0,0,0,0,4,N,0,0,0,0,0,,,20200920000000,7,34,100,34,SZ
10,,ESERCIZIO,Regionali Speciali,SCRUTINI,20241027000000,COMUNE,I,CASARZA LIGURE,110,GENOVA,34,2869,2958,5827,0,0,0,0,1,1,6,N,0,0,0,486,467,,20241028174452,20200920000000,7,34,110,34,SZ
11,,ESERCIZIO,Regionali Speciali,SCRUTINI,20241027000000,COMUNE,I,CASELLA,120,GENOVA,34,1378,1372,2750,638,652,1290,"46,91",3,3,3,N,8,30,0,1252,1191,,20241028190116,20200920000000,7,34,120,34,SZ
12,,ESERCIZIO,Regionali Speciali,SCRUTINI,20241027000000,COMUNE,I,CASTIGLIONE CHIAVARESE,130,GENOVA,34,875,907,1782,329,341,670,"37,60",2,2,2,N,8,16,0,646,626,,20241028180102,20200920000000,7,34,130,34,SZ
13,,ESERCIZIO,Regionali Speciali,SCRUTINI,20241027000000,COMUNE,I,CERANESI,140,GENOVA,34,1630,1594,3224,850,842,1692,"52,48",6,6,6,N,8,46,1,1637,1541,,20241028185722,20200920000000,7,34,140,34,SZ
14,,ESERCIZIO,Regionali Speciali,SCRUTINI,20241027000000,COMUNE,I,CHIAVARI,150,GENOVA,34,12198,14128,26326,0,0,0,0,12,12,29,N,0,0,0,4365,4128,,20241028174921,20200920000000,7,34,150,34,SZ
15,,ESERCIZIO,Regionali Speciali,SCRUTINI,20241027000000,COMUNE,I,CICAGNA,160,GENOVA,34,1028,979,2007,0,0,0,0,0,0,2,N,0,0,0,0,0,,,20200920000000,7,34,160,34,SZ
16,,ESERCIZIO,Regionali Speciali,SCRUTINI,20241027000000,COMUNE,I,COGOLETO,170,GENOVA,34,3585,3908,7493,0,0,0,0,5,5,10,N,0,0,0,1555,1455,,20241028190116,20200920000000,7,34,170,34,SZ
17,,ESERCIZIO,Regionali Speciali,SCRUTINI,20241027000000,COMUNE,I,COGORNO,180,GENOVA,34,2845,2979,5824,0,0,0,0,0,0,5,N,0,0,0,0,0,,,20200920000000,7,34,180,34,SZ
18,,ESERCIZIO,Regionali Speciali,SCRUTINI,20241027000000,COMUNE,I,COREGLIA LIGURE,190,GENOVA,34,160,141,301,64,56,120,"39,87",1,1,1,N,2,3,0,115,111,,20241028172800,20200920000000,7,34,190,34,SZ
19,,ESERCIZIO,Regionali Speciali,SCRUTINI,20241027000000,COMUNE,I,CROCEFIESCHI,200,GENOVA,34,303,249,552,0,0,0,0,0,0,1,N,0,0,0,0,0,,,20200920000000,7,34,200,34,SZ
20,,ESERCIZIO,Regionali Speciali,SCRUTINI,20241027000000,COMUNE,I,DAVAGNA,210,GENOVA,34,868,796,1664,0,0,0,0,1,1,2,N,0,0,0,310,297,,20241028184041,20200920000000,7,34,210,34,SZ
21,,ESERCIZIO,Regionali Speciali,SCRUTINI,20241027000000,COMUNE,I,FASCIA,220,GENOVA,34,39,40,79,26,17,43,"54,43",1,1,1,N,2,1,0,40,38,,20241028154905,20200920000000,7,34,220,34,SZ
22,,ESERCIZIO,Regionali Speciali,SCRUTINI,20241027000000,COMUNE,I,FAVALE DI MALVARO,230,GENOVA,34,354,385,739,0,0,0,0,0,0,1,N,0,0,0,0,0,,,20200920000000,7,34,230,34,SZ
23,,ESERCIZIO,Regionali Speciali,SCRUTINI,20241027000000,COMUNE,I,FONTANIGORDA,240,GENOVA,34,124,95,219,0,0,0,0,0,0,1,N,0,0,0,0,0,,,20200920000000,7,34,240,34,SZ
24,,ESERCIZIO,Regionali Speciali,SCRUTINI,20241027000000,COMUNE,I,GENOVA,250,GENOVA,34,225668,253210,478878,0,0,0,0,435,435,653,N,0,0,0,146251,136875,,20241028185937,20200920000000,7,34,250,34,SZ
25,,ESERCIZIO,Regionali Speciali,SCRUTINI,20241027000000,COMUNE,I,GORRETO,260,GENOVA,34,56,53,109,33,21,54,"49,54",1,1,1,N,1,0,0,53,52,,20241028162406,20200920000000,7,34,260,34,SZ
26,,ESERCIZIO,Regionali Speciali,SCRUTINI,20241027000000,COMUNE,I,ISOLA DEL CANTONE,270,GENOVA,34,930,884,1814,315,280,595,"32,80",2,2,2,N,4,12,0,579,556,,20241028184339,20200920000000,7,34,270,34,SZ
27,,ESERCIZIO,Regionali Speciali,SCRUTINI,20241027000000,COMUNE,I,LAVAGNA,280,GENOVA,34,5662,6406,12068,0,0,0,0,7,7,11,N,0,0,0,2912,2752,,20241028190117,20200920000000,7,34,280,34,SZ
28,,ESERCIZIO,Regionali Speciali,SCRUTINI,20241027000000,COMUNE,I,LEIVI,290,GENOVA,34,1189,1221,2410,0,0,0,0,1,1,2,N,0,0,0,482,452,,20241028183416,20200920000000,7,34,290,34,SZ
29,,ESERCIZIO,Regionali Speciali,SCRUTINI,20241027000000,COMUNE,I,LORSICA,300,GENOVA,34,237,254,491,0,0,0,0,0,0,1,N,0,0,0,0,0,,,20200920000000,7,34,300,34,SZ
30,,ESERCIZIO,Regionali Speciali,SCRUTINI,20241027000000,COMUNE,I,LUMARZO,310,GENOVA,34,941,925,1866,0,0,0,0,1,1,2,N,0,0,0,234,222,,20241028182233,20200920000000,7,34,310,34,SZ
31,,ESERCIZIO,Regionali Speciali,SCRUTINI,20241027000000,COMUNE,I,MASONE,320,GENOVA,34,1632,1659,3291,0,0,0,0,1,1,4,N,0,0,0,401,385,,20241028183532,20200920000000,7,34,320,34,SZ
32,,ESERCIZIO,Regionali Speciali,SCRUTINI,20241027000000,COMUNE,I,MELE,330,GENOVA,34,1103,1133,2236,611,609,1220,"54,56",3,3,3,N,9,28,0,1183,1095,,20241028185247,20200920000000,7,34,330,34,SZ
33,,ESERCIZIO,Regionali Speciali,SCRUTINI,20241027000000,COMUNE,I,MEZZANEGO,340,GENOVA,34,730,730,1460,292,255,547,"37,47",2,2,2,N,13,33,0,501,479,,20241028182040,20200920000000,7,34,340,34,SZ
34,,ESERCIZIO,Regionali Speciali,SCRUTINI,20241027000000,COMUNE,I,MIGNANEGO,350,GENOVA,34,1574,1659,3233,0,0,0,0,2,2,4,N,0,0,0,746,696,,20241028183836,20200920000000,7,34,350,34,SZ
35,,ESERCIZIO,Regionali Speciali,SCRUTINI,20241027000000,COMUNE,I,MOCONESI,360,GENOVA,34,1142,1089,2231,0,0,0,0,2,2,3,N,0,0,0,525,513,,20241028180549,20200920000000,7,34,360,34,SZ
36,,ESERCIZIO,Regionali Speciali,SCRUTINI,20241027000000,COMUNE,I,MONEGLIA,370,GENOVA,34,1489,1554,3043,0,0,0,0,0,0,3,N,0,0,0,0,0,,,20200920000000,7,34,370,34,SZ
37,,ESERCIZIO,Regionali Speciali,SCRUTINI,20241027000000,COMUNE,I,MONTEBRUNO,380,GENOVA,34,95,100,195,48,34,82,"42,05",1,1,1,N,2,0,0,80,77,,20241028172333,20200920000000,7,34,380,34,SZ
38,,ESERCIZIO,Regionali Speciali,SCRUTINI,20241027000000,COMUNE,I,MONTOGGIO,390,GENOVA,34,943,935,1878,0,0,0,0,0,0,2,N,0,0,0,0,0,,,20200920000000,7,34,390,34,SZ
39,,ESERCIZIO,Regionali Speciali,SCRUTINI,20241027000000,COMUNE,I,NE,400,GENOVA,34,1230,1193,2423,0,0,0,0,4,4,5,N,0,0,0,598,579,,20241028184447,20200920000000,7,34,400,34,SZ
40,,ESERCIZIO,Regionali Speciali,SCRUTINI,20241027000000,COMUNE,I,NEIRONE,410,GENOVA,34,481,440,921,193,160,353,"38,33",2,2,2,N,3,4,0,346,332,,20241028181541,20200920000000,7,34,410,34,SZ
41,,ESERCIZIO,Regionali Speciali,SCRUTINI,20241027000000,COMUNE,I,ORERO,420,GENOVA,34,266,259,525,0,0,0,0,0,0,1,N,0,0,0,0,0,,,20200920000000,7,34,420,34,SZ
42,,ESERCIZIO,Regionali Speciali,SCRUTINI,20241027000000,COMUNE,I,PIEVE LIGURE,430,GENOVA,34,1394,1463,2857,0,0,0,0,0,0,3,N,0,0,0,0,0,,,20200920000000,7,34,430,34,SZ
43,,ESERCIZIO,Regionali Speciali,SCRUTINI,20241027000000,COMUNE,I,PORTOFINO,440,GENOVA,34,413,428,841,0,0,0,0,0,0,1,N,0,0,0,0,0,,,20200920000000,7,34,440,34,SZ
44,,ESERCIZIO,Regionali Speciali,SCRUTINI,20241027000000,COMUNE,I,PROPATA,450,GENOVA,34,85,77,162,31,23,54,"33,33",1,1,1,N,0,2,0,52,49,,20241028175554,20200920000000,7,34,450,34,SZ
45,,ESERCIZIO,Regionali Speciali,SCRUTINI,20241027000000,COMUNE,I,RAPALLO,460,GENOVA,34,13941,15345,29286,0,0,0,0,29,29,32,N,0,0,0,9655,9118,,20241028190029,20200920000000,7,34,460,34,SZ
46,,ESERCIZIO,Regionali Speciali,SCRUTINI,20241027000000,COMUNE,I,RECCO,470,GENOVA,34,4556,5031,9587,0,0,0,0,5,5,10,N,0,0,0,2084,1938,,20241028182807,20200920000000,7,34,470,34,SZ
47,,ESERCIZIO,Regionali Speciali,SCRUTINI,20241027000000,COMUNE,I,REZZOAGLIO,480,GENOVA,34,384,381,765,201,180,381,"49,80",3,3,3,N,1,9,0,371,351,,20241028185057,20200920000000,7,34,480,34,SZ
48,,ESERCIZIO,Regionali Speciali,SCRUTINI,20241027000000,COMUNE,I,RONCO SCRIVIA,490,GENOVA,34,1894,1951,3845,0,0,0,0,0,0,4,N,0,0,0,0,0,,,20200920000000,7,34,490,34,SZ
49,,ESERCIZIO,Regionali Speciali,SCRUTINI,20241027000000,COMUNE,I,RONDANINA,500,GENOVA,34,42,29,71,17,9,26,"36,62",1,1,1,N,1,0,0,25,21,,20241028160350,20200920000000,7,34,500,34,SZ
50,,ESERCIZIO,Regionali Speciali,SCRUTINI,20241027000000,COMUNE,I,ROSSIGLIONE,510,GENOVA,34,1085,1155,2240,0,0,0,0,2,2,3,N,0,0,0,839,811,,20241028184722,20200920000000,7,34,510,34,SZ
51,,ESERCIZIO,Regionali Speciali,SCRUTINI,20241027000000,COMUNE,I,ROVEGNO,520,GENOVA,34,240,176,416,0,0,0,0,0,0,1,N,0,0,0,0,0,,,20200920000000,7,34,520,34,SZ
52,,ESERCIZIO,Regionali Speciali,SCRUTINI,20241027000000,COMUNE,I,SAN COLOMBANO CERTENOLI,530,GENOVA,34,1453,1455,2908,0,0,0,0,1,1,3,N,0,0,0,109,108,,20241028174503,20200920000000,7,34,530,34,SZ
53,,ESERCIZIO,Regionali Speciali,SCRUTINI,20241027000000,COMUNE,I,SANTA MARGHERITA LIGURE,540,GENOVA,34,4631,5173,9804,1756,1877,3633,"37,06",11,11,11,N,11,71,0,3551,3387,,20241028184017,20200920000000,7,34,540,34,SZ
54,,ESERCIZIO,Regionali Speciali,SCRUTINI,20241027000000,COMUNE,I,SANT'OLCESE,550,GENOVA,34,2414,2471,4885,0,0,0,0,6,6,9,N,0,0,0,1892,1811,,20241028185147,20200920000000,7,34,550,34,SZ
55,,ESERCIZIO,Regionali Speciali,SCRUTINI,20241027000000,COMUNE,I,SANTO STEFANO D'AVETO,560,GENOVA,34,474,439,913,0,0,0,0,1,1,2,N,0,0,0,181,180,,20241028175018,20200920000000,7,34,560,34,SZ
56,,ESERCIZIO,Regionali Speciali,SCRUTINI,20241027000000,COMUNE,I,SAVIGNONE,570,GENOVA,34,1405,1422,2827,659,653,1312,"46,41",5,5,5,N,9,42,0,1261,1179,,20241028182343,20200920000000,7,34,570,34,SZ
57,,ESERCIZIO,Regionali Speciali,SCRUTINI,20241027000000,COMUNE,I,SERRA RICCO',580,GENOVA,34,3432,3514,6946,0,0,0,0,1,1,8,N,0,0,0,214,201,,20241028173851,20200920000000,7,34,580,34,SZ
58,,ESERCIZIO,Regionali Speciali,SCRUTINI,20241027000000,COMUNE,I,SESTRI LEVANTE,590,GENOVA,34,8147,8952,17099,0,0,0,0,20,20,23,N,0,0,0,6339,5977,,20241028185723,20200920000000,7,34,590,34,SZ
59,,ESERCIZIO,Regionali Speciali,SCRUTINI,20241027000000,COMUNE,I,SORI,600,GENOVA,34,2227,2349,4576,0,0,0,0,2,2,4,N,0,0,0,873,568,,20241028185055,20200920000000,7,34,600,34,SZ
60,,ESERCIZIO,Regionali Speciali,SCRUTINI,20241027000000,COMUNE,I,TIGLIETO,610,GENOVA,34,512,541,1053,144,108,252,"23,93",2,2,2,N,3,6,0,243,233,,20241028184653,20200920000000,7,34,610,34,SZ
61,,ESERCIZIO,Regionali Speciali,SCRUTINI,20241027000000,COMUNE,I,TORRIGLIA,620,GENOVA,34,1098,1095,2193,0,0,0,0,0,0,3,N,0,0,0,0,0,,,20200920000000,7,34,620,34,SZ
62,,ESERCIZIO,Regionali Speciali,SCRUTINI,20241027000000,COMUNE,I,TRIBOGNA,630,GENOVA,34,323,313,636,0,0,0,0,0,0,1,N,0,0,0,0,0,,,20200920000000,7,34,630,34,SZ
63,,ESERCIZIO,Regionali Speciali,SCRUTINI,20241027000000,COMUNE,I,USCIO,640,GENOVA,34,938,955,1893,0,0,0,0,0,0,2,N,0,0,0,0,0,,,20200920000000,7,34,640,34,SZ
64,,ESERCIZIO,Regionali Speciali,SCRUTINI,20241027000000,COMUNE,I,VALBREVENNA,650,GENOVA,34,469,394,863,0,0,0,0,0,0,1,N,0,0,0,0,0,,,20200920000000,7,34,650,34,SZ
65,,ESERCIZIO,Regionali Speciali,SCRUTINI,20241027000000,COMUNE,I,VOBBIA,660,GENOVA,34,207,173,380,102,75,177,"46,58",1,1,1,N,3,1,0,173,166,,20241028182806,20200920000000,7,34,660,34,SZ
66,,ESERCIZIO,Regionali Speciali,SCRUTINI,20241027000000,COMUNE,I,ZOAGLI,670,GENOVA,34,2035,2066,4101,0,0,0,0,1,1,4,N,0,0,0,368,358,,20241028183146,20200920000000,7,34,670,34,SZ
67,,ESERCIZIO,Regionali Speciali,SCRUTINI,20241027000000,COMUNE,I,AIROLE,10,IMPERIA,37,147,115,262,79,72,151,"57,63",1,1,1,N,0,5,0,146,143,,20241028175958,20200920000000,7,37,10,37,SZ
68,,ESERCIZIO,Regionali Speciali,SCRUTINI,20241027000000,COMUNE,I,APRICALE,20,IMPERIA,37,240,206,446,72,62,134,"30,04",1,1,1,N,1,0,0,133,119,,20241028180613,20200920000000,7,37,20,37,SZ
69,,ESERCIZIO,Regionali Speciali,SCRUTINI,20241027000000,COMUNE,I,AQUILA D'ARROSCIA,30,IMPERIA,37,97,76,173,54,36,90,"52,02",1,1,1,N,1,2,0,87,87,,20241028170103,20200920000000,7,37,30,37,SZ
70,,ESERCIZIO,Regionali Speciali,SCRUTINI,20241027000000,COMUNE,I,ARMO,40,IMPERIA,37,39,46,85,28,24,52,"61,18",1,1,1,N,0,2,0,50,50,,20241028163635,20200920000000,7,37,40,37,SZ
71,,ESERCIZIO,Regionali Speciali,SCRUTINI,20241027000000,COMUNE,I,AURIGO,41,IMPERIA,37,138,133,271,81,80,161,"59,41",2,2,2,N,3,2,0,156,149,,20241028171951,20200920000000,7,37,41,37,SZ
72,,ESERCIZIO,Regionali Speciali,SCRUTINI,20241027000000,COMUNE,I,BADALUCCO,50,IMPERIA,37,460,468,928,178,202,380,"40,95",2,2,2,N,2,9,0,369,355,,20241028190537,20200920000000,7,37,50,37,SZ
73,,ESERCIZIO,Regionali Speciali,SCRUTINI,20241027000000,COMUNE,I,BAJARDO,60,IMPERIA,37,135,123,258,64,47,111,"43,02",1,1,1,N,1,2,0,108,104,,20241028190357,20200920000000,7,37,60,37,SZ
74,,ESERCIZIO,Regionali Speciali,SCRUTINI,20241027000000,COMUNE,I,BORDIGHERA,70,IMPERIA,37,4400,4878,9278,0,0,0,0,0,0,10,N,0,0,0,0,0,,,20200920000000,7,37,70,37,SZ
75,,ESERCIZIO,Regionali Speciali,SCRUTINI,20241027000000,COMUNE,I,BORGHETTO D'ARROSCIA,80,IMPERIA,37,179,139,318,70,59,129,"40,57",1,1,1,N,5,4,0,120,118,,20241028175516,20200920000000,7,37,80,37,SZ
76,,ESERCIZIO,Regionali Speciali,SCRUTINI,20241027000000,COMUNE,I,BORGOMARO,90,IMPERIA,37,334,315,649,153,136,289,"44,53",3,3,3,N,3,13,0,273,258,,20241028175958,20200920000000,7,37,90,37,SZ
77,,ESERCIZIO,Regionali Speciali,SCRUTINI,20241027000000,COMUNE,I,CAMPOROSSO,100,IMPERIA,37,2369,2398,4767,0,0,0,0,0,0,5,N,0,0,0,0,0,,,20200920000000,7,37,100,37,SZ
78,,ESERCIZIO,Regionali Speciali,SCRUTINI,20241027000000,COMUNE,I,CARAVONICA,110,IMPERIA,37,105,81,186,74,56,130,"69,89",1,1,1,N,3,4,0,123,117,,20241028175438,20200920000000,7,37,110,37,SZ
79,,ESERCIZIO,Regionali Speciali,SCRUTINI,20241027000000,COMUNE,I,CASTELLARO,130,IMPERIA,37,532,545,1077,0,0,0,0,0,0,1,N,0,0,0,0,0,,,20200920000000,7,37,130,37,SZ
80,,ESERCIZIO,Regionali Speciali,SCRUTINI,20241027000000,COMUNE,I,CASTEL VITTORIO,140,IMPERIA,37,136,113,249,50,53,103,"41,37",1,1,1,N,2,3,0,98,96,,20241028182239,20200920000000,7,37,140,37,SZ
81,,ESERCIZIO,Regionali Speciali,SCRUTINI,20241027000000,COMUNE,I,CERIANA,150,IMPERIA,37,484,424,908,142,126,268,"29,52",2,2,2,N,7,14,0,247,234,,20241028173413,20200920000000,7,37,150,37,SZ
82,,ESERCIZIO,Regionali Speciali,SCRUTINI,20241027000000,COMUNE,I,CERVO,160,IMPERIA,37,494,526,1020,0,0,0,0,0,0,1,N,0,0,0,0,0,,,20200920000000,7,37,160,37,SZ
83,,ESERCIZIO,Regionali Speciali,SCRUTINI,20241027000000,COMUNE,I,CESIO,170,IMPERIA,37,121,107,228,61,43,104,"45,61",1,1,1,N,0,6,0,98,95,,20241028180613,20200920000000,7,37,170,37,SZ
84,,ESERCIZIO,Regionali Speciali,SCRUTINI,20241027000000,COMUNE,I,CHIUSANICO,180,IMPERIA,37,277,261,538,137,122,259,"48,14",3,3,3,N,1,9,0,249,232,,20241028171252,20200920000000,7,37,180,37,SZ
85,,ESERCIZIO,Regionali Speciali,SCRUTINI,20241027000000,COMUNE,I,CHIUSAVECCHIA,190,IMPERIA,37,182,188,370,77,88,165,"44,59",1,1,1,N,2,11,0,152,146,,20241028171522,20200920000000,7,37,190,37,SZ
86,,ESERCIZIO,Regionali Speciali,SCRUTINI,20241027000000,COMUNE,I,CIPRESSA,200,IMPERIA,37,489,496,985,0,0,0,0,0,0,1,N,0,0,0,0,0,,,20200920000000,7,37,200,37,SZ
87,,ESERCIZIO,Regionali Speciali,SCRUTINI,20241027000000,COMUNE,I,CIVEZZA,210,IMPERIA,37,229,243,472,105,117,222,"47,03",1,1,1,N,1,3,0,218,208,,20241028180052,20200920000000,7,37,210,37,SZ
88,,ESERCIZIO,Regionali Speciali,SCRUTINI,20241027000000,COMUNE,I,COSIO D'ARROSCIA,220,IMPERIA,37,69,83,152,51,50,101,"66,45",1,1,1,N,1,3,0,97,93,,20241028190325,20200920000000,7,37,220,37,SZ
89,,ESERCIZIO,Regionali Speciali,SCRUTINI,20241027000000,COMUNE,I,COSTARAINERA,221,IMPERIA,37,318,331,649,155,163,318,"49,00",1,1,1,N,1,10,0,307,266,,20241028182241,20200920000000,7,37,221,37,SZ
90,,ESERCIZIO,Regionali Speciali,SCRUTINI,20241027000000,COMUNE,I,DIANO ARENTINO,230,IMPERIA,37,334,300,634,100,111,211,"33,28",1,1,1,N,3,8,0,200,187,,20241028171248,20200920000000,7,37,230,37,SZ
91,,ESERCIZIO,Regionali Speciali,SCRUTINI,20241027000000,COMUNE,I,DIANO CASTELLO,240,IMPERIA,37,907,948,1855,0,0,0,0,1,1,2,N,0,0,0,360,338,,20241028183602,20200920000000,7,37,240,37,SZ
92,,ESERCIZIO,Regionali Speciali,SCRUTINI,20241027000000,COMUNE,I,DIANO MARINA,250,IMPERIA,37,2395,2753,5148,914,1022,1936,"37,61",7,7,7,N,18,44,0,1874,1785,,20241028190004,20200920000000,7,37,250,37,SZ
93,,ESERCIZIO,Regionali Speciali,SCRUTINI,20241027000000,COMUNE,I,DIANO SAN PIETRO,260,IMPERIA,37,439,450,889,201,184,385,"43,31",1,1,1,N,7,2,0,376,360,,20241028175608,20200920000000,7,37,260,37,SZ
94,,ESERCIZIO,Regionali Speciali,SCRUTINI,20241027000000,COMUNE,I,DOLCEACQUA,270,IMPERIA,37,943,946,1889,0,0,0,0,0,0,2,N,0,0,0,0,0,,,20200920000000,7,37,270,37,SZ
95,,ESERCIZIO,Regionali Speciali,SCRUTINI,20241027000000,COMUNE,I,DOLCEDO,280,IMPERIA,37,526,492,1018,0,0,0,0,1,1,2,N,0,0,0,66,60,,20241028170549,20200920000000,7,37,280,37,SZ
96,,ESERCIZIO,Regionali Speciali,SCRUTINI,20241027000000,COMUNE,I,IMPERIA,290,IMPERIA,37,16462,17849,34311,0,0,0,0,21,21,44,N,0,0,0,6416,6163,,20241028190228,20200920000000,7,37,290,37,SZ
97,,ESERCIZIO,Regionali Speciali,SCRUTINI,20241027000000,COMUNE,I,ISOLABONA,300,IMPERIA,37,296,289,585,0,0,0,0,0,0,1,N,0,0,0,0,0,,,20200920000000,7,37,300,37,SZ
98,,ESERCIZIO,Regionali Speciali,SCRUTINI,20241027000000,COMUNE,I,LUCINASCO,301,IMPERIA,37,108,109,217,56,46,102,"47,00",1,1,1,N,2,3,0,97,96,,20241028172240,20200920000000,7,37,301,37,SZ
99,,ESERCIZIO,Regionali Speciali,SCRUTINI,20241027000000,COMUNE,I,MENDATICA,310,IMPERIA,37,89,65,154,61,35,96,"62,34",1,1,1,N,0,1,0,95,91,,20241028162701,20200920000000,7,37,310,37,SZ
100,,ESERCIZIO,Regionali Speciali,SCRUTINI,20241027000000,COMUNE,I,MOLINI DI TRIORA,320,IMPERIA,37,251,227,478,81,81,162,"33,89",2,2,2,N,4,1,0,157,155,,20241028164109,20200920000000,7,37,320,37,SZ
101,,ESERCIZIO,Regionali Speciali,SCRUTINI,20241027000000,COMUNE,I,MONTALTO CARPASIO,325,IMPERIA,37,253,219,472,81,85,166,"35,17",2,2,2,N,3,8,0,155,145,,20241028182240,20200920000000,7,37,325,37,SZ
102,,ESERCIZIO,Regionali Speciali,SCRUTINI,20241027000000,COMUNE,I,MONTEGROSSO PIAN LATTE,340,IMPERIA,37,47,54,101,40,37,77,"76,24",1,1,1,N,2,2,0,73,69,,20241028171325,20200920000000,7,37,340,37,SZ
103,,ESERCIZIO,Regionali Speciali,SCRUTINI,20241027000000,COMUNE,I,OLIVETTA SAN MICHELE,350,IMPERIA,37,114,98,212,40,31,71,"33,49",1,1,1,N,0,4,0,67,66,,20241028190035,20200920000000,7,37,350,37,SZ
104,,ESERCIZIO,Regionali Speciali,SCRUTINI,20241027000000,COMUNE,I,OSPEDALETTI,360,IMPERIA,37,1399,1485,2884,517,542,1059,"36,72",4,4,4,N,5,16,0,1038,973,,20241028175521,20200920000000,7,37,360,37,SZ
105,,ESERCIZIO,Regionali Speciali,SCRUTINI,20241027000000,COMUNE,I,PERINALDO,370,IMPERIA,37,369,331,700,0,0,0,0,0,0,1,N,0,0,0,0,0,,,20200920000000,7,37,370,37,SZ
106,,ESERCIZIO,Regionali Speciali,SCRUTINI,20241027000000,COMUNE,I,PIETRABRUNA,380,IMPERIA,37,172,141,313,0,0,0,0,0,0,1,N,0,0,0,0,0,,,20200920000000,7,37,380,37,SZ
107,,ESERCIZIO,Regionali Speciali,SCRUTINI,20241027000000,COMUNE,I,PIEVE DI TECO,390,IMPERIA,37,529,529,1058,205,223,428,"40,45",3,3,3,N,8,11,0,409,385,,20241028182614,20200920000000,7,37,390,37,SZ
108,,ESERCIZIO,Regionali Speciali,SCRUTINI,20241027000000,COMUNE,I,PIGNA,400,IMPERIA,37,372,345,717,143,128,271,"37,80",2,2,2,N,4,5,0,262,254,,20241028171326,20200920000000,7,37,400,37,SZ
109,,ESERCIZIO,Regionali Speciali,SCRUTINI,20241027000000,COMUNE,I,POMPEIANA,410,IMPERIA,37,348,348,696,0,0,0,0,0,0,1,N,0,0,0,0,0,,,20200920000000,7,37,410,37,SZ
110,,ESERCIZIO,Regionali Speciali,SCRUTINI,20241027000000,COMUNE,I,PONTEDASSIO,420,IMPERIA,37,919,919,1838,470,453,923,"50,22",4,4,4,N,8,38,0,877,856,,20241028182343,20200920000000,7,37,420,37,SZ
111,,ESERCIZIO,Regionali Speciali,SCRUTINI,20241027000000,COMUNE,I,PORNASSIO,430,IMPERIA,37,257,217,474,98,79,177,"37,34",1,1,1,N,4,7,0,166,154,,20241028182615,20200920000000,7,37,430,37,SZ
112,,ESERCIZIO,Regionali Speciali,SCRUTINI,20241027000000,COMUNE,I,PRELA',440,IMPERIA,37,212,189,401,94,69,163,"40,65",1,1,1,N,4,6,0,153,146,,20241028182240,20200920000000,7,37,440,37,SZ
113,,ESERCIZIO,Regionali Speciali,SCRUTINI,20241027000000,COMUNE,I,RANZO,450,IMPERIA,37,209,226,435,0,0,0,0,0,0,1,N,0,0,0,0,0,,,20200920000000,7,37,450,37,SZ
114,,ESERCIZIO,Regionali Speciali,SCRUTINI,20241027000000,COMUNE,I,REZZO,460,IMPERIA,37,137,127,264,72,65,137,"51,89",1,1,1,N,0,4,0,133,126,,20241028184751,20200920000000,7,37,460,37,SZ
115,,ESERCIZIO,Regionali Speciali,SCRUTINI,20241027000000,COMUNE,I,RIVA LIGURE,461,IMPERIA,37,1164,1196,2360,0,0,0,0,2,2,3,N,0,0,0,554,519,,20241028185434,20200920000000,7,37,461,37,SZ
116,,ESERCIZIO,Regionali Speciali,SCRUTINI,20241027000000,COMUNE,I,ROCCHETTA NERVINA,480,IMPERIA,37,109,104,213,53,49,102,"47,89",1,1,1,N,0,1,0,101,90,,20241028174534,20200920000000,7,37,480,37,SZ
117,,ESERCIZIO,Regionali Speciali,SCRUTINI,20241027000000,COMUNE,I,SAN BARTOLOMEO AL MARE,490,IMPERIA,37,1209,1282,2491,0,0,0,0,2,2,3,N,0,0,0,697,651,,20241028183603,20200920000000,7,37,490,37,SZ
118,,ESERCIZIO,Regionali Speciali,SCRUTINI,20241027000000,COMUNE,I,SAN BIAGIO DELLA CIMA,500,IMPERIA,37,543,580,1123,203,216,419,"37,31",1,1,1,N,2,13,0,404,399,,20241028185816,20200920000000,7,37,500,37,SZ
119,,ESERCIZIO,Regionali Speciali,SCRUTINI,20241027000000,COMUNE,I,SAN LORENZO AL MARE,510,IMPERIA,37,501,559,1060,0,0,0,0,0,0,1,N,0,0,0,0,0,,,20200920000000,7,37,510,37,SZ
120,,ESERCIZIO,Regionali Speciali,SCRUTINI,20241027000000,COMUNE,I,SANREMO,520,IMPERIA,37,21824,23884,45708,0,0,0,0,13,13,56,N,0,0,0,2568,2384,,20241028185434,20200920000000,7,37,520,37,SZ
121,,ESERCIZIO,Regionali Speciali,SCRUTINI,20241027000000,COMUNE,I,SANTO STEFANO AL MARE,521,IMPERIA,37,874,893,1767,0,0,0,0,0,0,2,N,0,0,0,0,0,,,20200920000000,7,37,521,37,SZ
122,,ESERCIZIO,Regionali Speciali,SCRUTINI,20241027000000,COMUNE,I,SEBORGA,530,IMPERIA,37,111,118,229,54,54,108,"47,16",1,1,1,N,3,4,0,101,93,,20241028170040,20200920000000,7,37,530,37,SZ
123,,ESERCIZIO,Regionali Speciali,SCRUTINI,20241027000000,COMUNE,I,SOLDANO,540,IMPERIA,37,412,382,794,158,159,317,"39,92",1,1,1,N,4,15,0,298,282,,20241028184424,20200920000000,7,37,540,37,SZ
124,,ESERCIZIO,Regionali Speciali,SCRUTINI,20241027000000,COMUNE,I,TAGGIA,550,IMPERIA,37,5437,6058,11495,0,0,0,0,11,11,15,N,0,0,0,3103,2969,,20241028184704,20200920000000,7,37,550,37,SZ
125,,ESERCIZIO,Regionali Speciali,SCRUTINI,20241027000000,COMUNE,I,TERZORIO,560,IMPERIA,37,95,92,187,51,55,106,"56,68",1,1,1,N,0,6,0,100,90,,20241028170040,20200920000000,7,37,560,37,SZ
126,,ESERCIZIO,Regionali Speciali,SCRUTINI,20241027000000,COMUNE,I,TRIORA,570,IMPERIA,37,177,148,325,74,55,129,"39,69",1,1,1,N,3,0,0,126,121,,20241028162629,20200920000000,7,37,570,37,SZ
127,,ESERCIZIO,Regionali Speciali,SCRUTINI,20241027000000,COMUNE,I,VALLEBONA,580,IMPERIA,37,557,536,1093,202,188,390,"35,68",1,1,1,N,3,15,0,372,356,,20241028185216,20200920000000,7,37,580,37,SZ
128,,ESERCIZIO,Regionali Speciali,SCRUTINI,20241027000000,COMUNE,I,VALLECROSIA,590,IMPERIA,37,2910,3137,6047,0,0,0,0,6,6,7,N,0,0,0,2075,2030,,20241028185434,20200920000000,7,37,590,37,SZ
129,,ESERCIZIO,Regionali Speciali,SCRUTINI,20241027000000,COMUNE,I,VASIA,600,IMPERIA,37,143,141,284,80,65,145,"51,06",2,2,2,N,4,6,0,135,131,,20241028163635,20200920000000,7,37,600,37,SZ
130,,ESERCIZIO,Regionali Speciali,SCRUTINI,20241027000000,COMUNE,I,VENTIMIGLIA,610,IMPERIA,37,10471,10793,21264,0,0,0,0,15,15,26,N,0,0,0,3941,3785,,20241028175006,20200920000000,7,37,610,37,SZ
131,,ESERCIZIO,Regionali Speciali,SCRUTINI,20241027000000,COMUNE,I,VESSALICO,620,IMPERIA,37,108,88,196,49,41,90,"45,92",1,1,1,N,1,2,0,87,83,,20241028182613,20200920000000,7,37,620,37,SZ
132,,ESERCIZIO,Regionali Speciali,SCRUTINI,20241027000000,COMUNE,I,VILLA FARALDI,630,IMPERIA,37,181,179,360,54,69,123,"34,17",1,1,1,N,1,5,0,117,114,,20241028172800,20200920000000,7,37,630,37,SZ
133,,ESERCIZIO,Regionali Speciali,SCRUTINI,20241027000000,COMUNE,I,AMEGLIA,10,LA SPEZIA,39,1859,1913,3772,0,0,0,0,1,1,5,N,0,0,0,133,125,,20241028182809,20200920000000,7,39,10,39,SZ
134,,ESERCIZIO,Regionali Speciali,SCRUTINI,20241027000000,COMUNE,I,ARCOLA,20,LA SPEZIA,39,4125,4367,8492,0,0,0,0,4,4,11,N,0,0,0,1252,1192,,20241028183118,20200920000000,7,39,20,39,SZ
135,,ESERCIZIO,Regionali Speciali,SCRUTINI,20241027000000,COMUNE,I,BEVERINO,30,LA SPEZIA,39,1135,1184,2319,563,542,1105,"47,65",3,3,3,N,18,30,0,1057,993,,20241028185756,20200920000000,7,39,30,39,SZ
136,,ESERCIZIO,Regionali Speciali,SCRUTINI,20241027000000,COMUNE,I,BOLANO,40,LA SPEZIA,39,3234,3378,6612,0,0,0,0,5,5,8,N,0,0,0,1609,1544,,20241028185452,20200920000000,7,39,40,39,SZ
137,,ESERCIZIO,Regionali Speciali,SCRUTINI,20241027000000,COMUNE,I,BONASSOLA,50,LA SPEZIA,39,353,407,760,186,206,392,"51,58",2,2,2,N,3,19,0,370,351,,20241028184648,20200920000000,7,39,50,39,SZ
138,,ESERCIZIO,Regionali Speciali,SCRUTINI,20241027000000,COMUNE,I,BORGHETTO DI VARA,60,LA SPEZIA,39,569,568,1137,209,219,428,"37,64",4,4,4,N,6,17,0,405,391,,20241028185452,20200920000000,7,39,60,39,SZ
139,,ESERCIZIO,Regionali Speciali,SCRUTINI,20241027000000,COMUNE,I,BRUGNATO,70,LA SPEZIA,39,579,596,1175,0,0,0,0,0,0,2,N,0,0,0,0,0,,,20200920000000,7,39,70,39,SZ
140,,ESERCIZIO,Regionali Speciali,SCRUTINI,20241027000000,COMUNE,I,CALICE AL CORNOVIGLIO,80,LA SPEZIA,39,706,678,1384,221,202,423,"30,56",2,2,2,N,7,6,0,410,400,,20241028181649,20200920000000,7,39,80,39,SZ
141,,ESERCIZIO,Regionali Speciali,SCRUTINI,20241027000000,COMUNE,I,CARRO,90,LA SPEZIA,39,314,311,625,123,117,240,"38,40",2,2,2,N,2,8,0,230,225,,20241028172901,20200920000000,7,39,90,39,SZ
142,,ESERCIZIO,Regionali Speciali,SCRUTINI,20241027000000,COMUNE,I,CARRODANO,100,LA SPEZIA,39,278,275,553,114,123,237,"42,86",2,2,2,N,3,8,0,226,210,,20241028172459,20200920000000,7,39,100,39,SZ
143,,ESERCIZIO,Regionali Speciali,SCRUTINI,20241027000000,COMUNE,I,CASTELNUOVO MAGRA,110,LA SPEZIA,39,3498,3662,7160,0,0,0,0,6,6,11,N,0,0,0,1405,1361,,20241028190437,20200920000000,7,39,110,39,SZ
144,,ESERCIZIO,Regionali Speciali,SCRUTINI,20241027000000,COMUNE,I,DEIVA MARINA,120,LA SPEZIA,39,814,824,1638,0,0,0,0,2,2,3,N,0,0,0,296,283,,20241028182210,20200920000000,7,39,120,39,SZ
145,,ESERCIZIO,Regionali Speciali,SCRUTINI,20241027000000,COMUNE,I,FOLLO,130,LA SPEZIA,39,2613,2697,5310,0,0,0,0,1,1,7,N,0,0,0,295,287,,20241028184648,20200920000000,7,39,130,39,SZ
146,,ESERCIZIO,Regionali Speciali,SCRUTINI,20241027000000,COMUNE,I,FRAMURA,140,LA SPEZIA,39,348,353,701,0,0,0,0,1,1,2,N,0,0,0,171,162,,20241028173304,20200920000000,7,39,140,39,SZ
147,,ESERCIZIO,Regionali Speciali,SCRUTINI,20241027000000,COMUNE,I,LA SPEZIA,150,LA SPEZIA,39,35377,39021,74398,0,0,0,0,46,46,96,N,0,0,0,16022,15343,,20241028190440,20200920000000,7,39,150,39,SZ
148,,ESERCIZIO,Regionali Speciali,SCRUTINI,20241027000000,COMUNE,I,LERICI,160,LA SPEZIA,39,4245,4583,8828,0,0,0,0,3,3,13,N,0,0,0,766,734,,20241028190437,20200920000000,7,39,160,39,SZ
149,,ESERCIZIO,Regionali Speciali,SCRUTINI,20241027000000,COMUNE,I,LEVANTO,170,LA SPEZIA,39,2333,2511,4844,0,0,0,0,3,3,6,N,0,0,0,1149,1085,,20241028190437,20200920000000,7,39,170,39,SZ
150,,ESERCIZIO,Regionali Speciali,SCRUTINI,20241027000000,COMUNE,I,MAISSANA,180,LA SPEZIA,39,339,269,608,131,101,232,"38,16",1,1,1,N,4,10,0,218,214,,20241028181542,20200920000000,7,39,180,39,SZ
151,,ESERCIZIO,Regionali Speciali,SCRUTINI,20241027000000,COMUNE,I,MONTEROSSO AL MARE,190,LA SPEZIA,39,937,1043,1980,0,0,0,0,1,1,2,N,0,0,0,284,270,,20241028190440,20200920000000,7,39,190,39,SZ
152,,ESERCIZIO,Regionali Speciali,SCRUTINI,20241027000000,COMUNE,I,LUNI,200,LA SPEZIA,39,3467,3532,6999,0,0,0,0,3,3,8,N,0,0,0,947,926,,20241028190437,20200920000000,7,39,200,39,SZ
153,,ESERCIZIO,Regionali Speciali,SCRUTINI,20241027000000,COMUNE,I,PIGNONE,210,LA SPEZIA,39,479,474,953,161,135,296,"31,06",2,2,2,N,6,8,0,282,273,,20241028184102,20200920000000,7,39,210,39,SZ
154,,ESERCIZIO,Regionali Speciali,SCRUTINI,20241027000000,COMUNE,I,PORTOVENERE,220,LA SPEZIA,39,1632,1592,3224,0,0,0,0,3,3,4,N,0,0,0,1152,1116,,20241028184307,20200920000000,7,39,220,39,SZ
155,,ESERCIZIO,Regionali Speciali,SCRUTINI,20241027000000,COMUNE,I,RICCO' DEL GOLFO DI SPEZIA,230,LA SPEZIA,39,1662,1715,3377,0,0,0,0,3,3,5,N,0,0,0,680,656,,20241028181445,20200920000000,7,39,230,39,SZ
156,,ESERCIZIO,Regionali Speciali,SCRUTINI,20241027000000,COMUNE,I,RIOMAGGIORE,240,LA SPEZIA,39,753,739,1492,0,0,0,0,3,2,3,N,0,0,0,705,603,,20241028184822,20200920000000,7,39,240,39,SZ
157,,ESERCIZIO,Regionali Speciali,SCRUTINI,20241027000000,COMUNE,I,ROCCHETTA DI VARA,250,LA SPEZIA,39,374,324,698,187,134,321,"45,99",3,3,3,N,8,8,0,305,269,,20241028181757,20200920000000,7,39,250,39,SZ
158,,ESERCIZIO,Regionali Speciali,SCRUTINI,20241027000000,COMUNE,I,SANTO STEFANO DI MAGRA,260,LA SPEZIA,39,4016,4153,8169,0,0,0,0,4,4,9,N,0,0,0,1458,1412,,20241028184325,20200920000000,7,39,260,39,SZ
159,,ESERCIZIO,Regionali Speciali,SCRUTINI,20241027000000,COMUNE,I,SARZANA,270,LA SPEZIA,39,8922,9612,18534,0,0,0,0,11,11,24,N,0,0,0,3653,3527,,20241028183647,20200920000000,7,39,270,39,SZ
160,,ESERCIZIO,Regionali Speciali,SCRUTINI,20241027000000,COMUNE,I,SESTA GODANO,280,LA SPEZIA,39,801,806,1607,0,0,0,0,1,1,2,N,0,0,0,257,243,,20241028181253,20200920000000,7,39,280,39,SZ
161,,ESERCIZIO,Regionali Speciali,SCRUTINI,20241027000000,COMUNE,I,VARESE LIGURE,290,LA SPEZIA,39,1013,1006,2019,0,0,0,0,1,1,3,N,0,0,0,273,259,,20241028183354,20200920000000,7,39,290,39,SZ
162,,ESERCIZIO,Regionali Speciali,SCRUTINI,20241027000000,COMUNE,I,VERNAZZA,300,LA SPEZIA,39,461,466,927,0,0,0,0,1,1,2,N,0,0,0,127,123,,20241028181233,20200920000000,7,39,300,39,SZ
163,,ESERCIZIO,Regionali Speciali,SCRUTINI,20241027000000,COMUNE,I,VEZZANO LIGURE,310,LA SPEZIA,39,2923,3145,6068,0,0,0,0,8,8,10,N,0,0,0,2143,2047,,20241028190439,20200920000000,7,39,310,39,SZ
164,,ESERCIZIO,Regionali Speciali,SCRUTINI,20241027000000,COMUNE,I,ZIGNAGO,320,LA SPEZIA,39,228,211,439,137,118,255,"58,09",1,1,1,N,6,20,0,229,217,,20241028170316,20200920000000,7,39,320,39,SZ
165,,ESERCIZIO,Regionali Speciali,SCRUTINI,20241027000000,COMUNE,I,ALASSIO,10,SAVONA,74,4409,5013,9422,0,0,0,0,3,3,11,N,0,0,0,1060,1024,,20241028190038,20200920000000,7,74,10,74,SZ
166,,ESERCIZIO,Regionali Speciali,SCRUTINI,20241027000000,COMUNE,I,ALBENGA,20,SAVONA,74,9328,10007,19335,0,0,0,0,8,8,22,N,0,0,0,2789,2678,,20241028181120,20200920000000,7,74,20,74,SZ
167,,ESERCIZIO,Regionali Speciali,SCRUTINI,20241027000000,COMUNE,I,ALBISSOLA MARINA,30,SAVONA,74,2270,2536,4806,0,0,0,0,1,1,5,N,0,0,0,413,397,,20241028180429,20200920000000,7,74,30,74,SZ
168,,ESERCIZIO,Regionali Speciali,SCRUTINI,20241027000000,COMUNE,I,ALBISOLA SUPERIORE,40,SAVONA,74,4170,4690,8860,0,0,0,0,3,3,11,N,0,0,0,1080,993,,20241028184040,20200920000000,7,74,40,74,SZ
169,,ESERCIZIO,Regionali Speciali,SCRUTINI,20241027000000,COMUNE,I,ALTARE,50,SAVONA,74,911,966,1877,0,0,0,0,0,0,2,N,0,0,0,0,0,,,20200920000000,7,74,50,74,SZ
170,,ESERCIZIO,Regionali Speciali,SCRUTINI,20241027000000,COMUNE,I,ANDORA,60,SAVONA,74,3104,3319,6423,0,0,0,0,5,5,7,N,0,0,0,1957,1861,,20241028190040,20200920000000,7,74,60,74,SZ
171,,ESERCIZIO,Regionali Speciali,SCRUTINI,20241027000000,COMUNE,I,ARNASCO,70,SAVONA,74,253,238,491,117,109,226,"46,03",1,1,1,N,4,4,0,218,211,,20241028172913,20200920000000,7,74,70,74,SZ
172,,ESERCIZIO,Regionali Speciali,SCRUTINI,20241027000000,COMUNE,I,BALESTRINO,80,SAVONA,74,310,323,633,0,0,0,0,0,0,1,N,0,0,0,0,0,,,20200920000000,7,74,80,74,SZ
173,,ESERCIZIO,Regionali Speciali,SCRUTINI,20241027000000,COMUNE,I,BARDINETO,90,SAVONA,74,374,377,751,132,149,281,"37,42",1,1,1,N,4,5,0,272,259,,20241028183900,20200920000000,7,74,90,74,SZ
174,,ESERCIZIO,Regionali Speciali,SCRUTINI,20241027000000,COMUNE,I,BERGEGGI,100,SAVONA,74,483,504,987,0,0,0,0,0,0,1,N,0,0,0,0,0,,,20200920000000,7,74,100,74,SZ
175,,ESERCIZIO,Regionali Speciali,SCRUTINI,20241027000000,COMUNE,I,BOISSANO,110,SAVONA,74,1142,1140,2282,520,522,1042,"45,66",2,2,2,N,10,34,0,998,940,,20241028180443,20200920000000,7,74,110,74,SZ
176,,ESERCIZIO,Regionali Speciali,SCRUTINI,20241027000000,COMUNE,I,BORGHETTO SANTO SPIRITO,120,SAVONA,74,1852,2077,3929,0,0,0,0,4,4,5,N,0,0,0,1080,1030,,20241028190038,20200920000000,7,74,120,74,SZ
177,,ESERCIZIO,Regionali Speciali,SCRUTINI,20241027000000,COMUNE,I,BORGIO VEREZZI,130,SAVONA,74,993,1082,2075,0,0,0,0,1,1,3,N,0,0,0,66,63,,20241028181635,20200920000000,7,74,130,74,SZ
178,,ESERCIZIO,Regionali Speciali,SCRUTINI,20241027000000,COMUNE,I,BORMIDA,140,SAVONA,74,304,307,611,71,67,138,"22,59",1,1,1,N,3,7,0,128,122,,20241028171021,20200920000000,7,74,140,74,SZ
179,,ESERCIZIO,Regionali Speciali,SCRUTINI,20241027000000,COMUNE,I,CAIRO MONTENOTTE,150,SAVONA,74,5409,5622,11031,0,0,0,0,11,11,14,N,0,0,0,2638,2507,,20241028181718,20200920000000,7,74,150,74,SZ
180,,ESERCIZIO,Regionali Speciali,SCRUTINI,20241027000000,COMUNE,I,CALICE LIGURE,160,SAVONA,74,885,912,1797,0,0,0,0,2,2,3,N,0,0,0,419,384,,20241028190040,20200920000000,7,74,160,74,SZ
181,,ESERCIZIO,Regionali Speciali,SCRUTINI,20241027000000,COMUNE,I,CALIZZANO,170,SAVONA,74,749,777,1526,0,0,0,0,1,1,2,N,0,0,0,214,199,,20241028180141,20200920000000,7,74,170,74,SZ
182,,ESERCIZIO,Regionali Speciali,SCRUTINI,20241027000000,COMUNE,I,CARCARE,180,SAVONA,74,2165,2516,4681,0,0,0,0,1,1,6,N,0,0,0,220,214,,20241028180426,20200920000000,7,74,180,74,SZ
183,,ESERCIZIO,Regionali Speciali,SCRUTINI,20241027000000,COMUNE,I,CASANOVA LERRONE,190,SAVONA,74,279,292,571,114,105,219,"38,35",2,2,2,N,3,14,0,202,188,,20241028190041,20200920000000,7,74,190,74,SZ
184,,ESERCIZIO,Regionali Speciali,SCRUTINI,20241027000000,COMUNE,I,CASTELBIANCO,200,SAVONA,74,139,155,294,67,66,133,"45,24",1,1,1,N,0,6,0,127,123,,20241028182827,20200920000000,7,74,200,74,SZ
185,,ESERCIZIO,Regionali Speciali,SCRUTINI,20241027000000,COMUNE,I,CASTELVECCHIO DI ROCCA BARBENA,210,SAVONA,74,93,65,158,41,33,74,"46,84",1,1,1,N,0,0,0,74,74,,20241028165031,20200920000000,7,74,210,74,SZ
186,,ESERCIZIO,Regionali Speciali,SCRUTINI,20241027000000,COMUNE,I,CELLE LIGURE,220,SAVONA,74,2186,2350,4536,0,0,0,0,0,0,5,N,0,0,0,0,0,,,20200920000000,7,74,220,74,SZ
187,,ESERCIZIO,Regionali Speciali,SCRUTINI,20241027000000,COMUNE,I,CENGIO,230,SAVONA,74,1346,1444,2790,0,0,0,0,2,2,4,N,0,0,0,550,531,,20241028181137,20200920000000,7,74,230,74,SZ
188,,ESERCIZIO,Regionali Speciali,SCRUTINI,20241027000000,COMUNE,I,CERIALE,240,SAVONA,74,2206,2403,4609,0,0,0,0,4,4,5,N,0,0,0,1467,1378,,20241028183636,20200920000000,7,74,240,74,SZ
189,,ESERCIZIO,Regionali Speciali,SCRUTINI,20241027000000,COMUNE,I,CISANO SUL NEVA,250,SAVONA,74,862,920,1782,0,0,0,0,0,0,2,N,0,0,0,0,0,,,20200920000000,7,74,250,74,SZ
190,,ESERCIZIO,Regionali Speciali,SCRUTINI,20241027000000,COMUNE,I,COSSERIA,260,SAVONA,74,539,546,1085,230,233,463,"42,67",1,1,1,N,9,21,0,433,414,,20241028183440,20200920000000,7,74,260,74,SZ
191,,ESERCIZIO,Regionali Speciali,SCRUTINI,20241027000000,COMUNE,I,DEGO,270,SAVONA,74,1180,1288,2468,315,283,598,"24,23",2,2,2,N,8,15,0,575,544,,20241028172946,20200920000000,7,74,270,74,SZ
192,,ESERCIZIO,Regionali Speciali,SCRUTINI,20241027000000,COMUNE,I,ERLI,280,SAVONA,74,156,148,304,52,49,101,"33,22",1,1,1,N,3,7,0,91,85,,20241028180410,20200920000000,7,74,280,74,SZ
193,,ESERCIZIO,Regionali Speciali,SCRUTINI,20241027000000,COMUNE,I,FINALE LIGURE,290,SAVONA,74,5077,5544,10621,0,0,0,0,11,11,13,N,0,0,0,3588,3180,,20241028190041,20200920000000,7,74,290,74,SZ
194,,ESERCIZIO,Regionali Speciali,SCRUTINI,20241027000000,COMUNE,I,GARLENDA,300,SAVONA,74,576,593,1169,0,0,0,0,0,0,1,N,0,0,0,0,0,,,20200920000000,7,74,300,74,SZ
195,,ESERCIZIO,Regionali Speciali,SCRUTINI,20241027000000,COMUNE,I,GIUSTENICE,310,SAVONA,74,457,451,908,207,224,431,"47,47",1,1,1,N,7,11,0,413,390,,20241028172619,20200920000000,7,74,310,74,SZ
196,,ESERCIZIO,Regionali Speciali,SCRUTINI,20241027000000,COMUNE,I,GIUSVALLA,320,SAVONA,74,426,466,892,0,0,0,0,0,0,1,N,0,0,0,0,0,,,20200920000000,7,74,320,74,SZ
197,,ESERCIZIO,Regionali Speciali,SCRUTINI,20241027000000,COMUNE,I,LAIGUEGLIA,330,SAVONA,74,755,805,1560,0,0,0,0,0,0,2,N,0,0,0,0,0,,,20200920000000,7,74,330,74,SZ
198,,ESERCIZIO,Regionali Speciali,SCRUTINI,20241027000000,COMUNE,I,LOANO,340,SAVONA,74,4375,5022,9397,1926,2171,4097,"43,60",10,10,10,N,35,114,0,3948,3730,,20241028182539,20200920000000,7,74,340,74,SZ
199,,ESERCIZIO,Regionali Speciali,SCRUTINI,20241027000000,COMUNE,I,MAGLIOLO,350,SAVONA,74,493,503,996,187,187,374,"37,55",1,1,1,N,1,10,0,363,348,,20241028175637,20200920000000,7,74,350,74,SZ
200,,ESERCIZIO,Regionali Speciali,SCRUTINI,20241027000000,COMUNE,I,MALLARE,360,SAVONA,74,569,593,1162,0,0,0,0,0,0,1,N,0,0,0,0,0,,,20200920000000,7,74,360,74,SZ
201,,ESERCIZIO,Regionali Speciali,SCRUTINI,20241027000000,COMUNE,I,MASSIMINO,370,SAVONA,74,48,54,102,27,26,53,"51,96",1,1,1,N,0,5,0,48,47,,20241028162143,20200920000000,7,74,370,74,SZ
202,,ESERCIZIO,Regionali Speciali,SCRUTINI,20241027000000,COMUNE,I,MILLESIMO,380,SAVONA,74,1437,1584,3021,634,637,1271,"42,07",3,3,3,N,15,34,0,1222,1176,,20241028183440,20200920000000,7,74,380,74,SZ
203,,ESERCIZIO,Regionali Speciali,SCRUTINI,20241027000000,COMUNE,I,MIOGLIA,390,SAVONA,74,338,349,687,117,99,216,"31,44",1,1,1,N,6,4,0,206,186,,20241028174647,20200920000000,7,74,390,74,SZ
204,,ESERCIZIO,Regionali Speciali,SCRUTINI,20241027000000,COMUNE,I,MURIALDO,400,SAVONA,74,428,429,857,154,154,308,"35,94",2,2,2,N,8,4,0,296,283,,20241028175305,20200920000000,7,74,400,74,SZ
205,,ESERCIZIO,Regionali Speciali,SCRUTINI,20241027000000,COMUNE,I,NASINO,410,SAVONA,74,133,105,238,43,33,76,"31,93",1,1,1,N,0,1,0,75,70,,20241028165031,20200920000000,7,74,410,74,SZ
206,,ESERCIZIO,Regionali Speciali,SCRUTINI,20241027000000,COMUNE,I,NOLI,420,SAVONA,74,1181,1232,2413,0,0,0,0,3,3,4,N,0,0,0,673,639,,20241028190041,20200920000000,7,74,420,74,SZ
207,,ESERCIZIO,Regionali Speciali,SCRUTINI,20241027000000,COMUNE,I,ONZO,430,SAVONA,74,79,97,176,54,51,105,"59,66",1,1,1,N,0,1,0,104,98,,20241028165838,20200920000000,7,74,430,74,SZ
208,,ESERCIZIO,Regionali Speciali,SCRUTINI,20241027000000,COMUNE,I,ORCO FEGLINO,440,SAVONA,74,505,540,1045,212,190,402,"38,47",2,2,2,N,4,11,0,387,362,,20241028183800,20200920000000,7,74,440,74,SZ
209,,ESERCIZIO,Regionali Speciali,SCRUTINI,20241027000000,COMUNE,I,ORTOVERO,450,SAVONA,74,641,632,1273,0,0,0,0,1,1,2,N,0,0,0,182,177,,20241028171447,20200920000000,7,74,450,74,SZ
210,,ESERCIZIO,Regionali Speciali,SCRUTINI,20241027000000,COMUNE,I,OSIGLIA,460,SAVONA,74,331,305,636,0,0,0,0,0,0,1,N,0,0,0,0,0,,,20200920000000,7,74,460,74,SZ
211,,ESERCIZIO,Regionali Speciali,SCRUTINI,20241027000000,COMUNE,I,PALLARE,470,SAVONA,74,474,482,956,0,0,0,0,1,1,2,N,0,0,0,56,53,,20241028180727,20200920000000,7,74,470,74,SZ
212,,ESERCIZIO,Regionali Speciali,SCRUTINI,20241027000000,COMUNE,I,PIANA CRIXIA,480,SAVONA,74,360,363,723,0,0,0,0,0,0,1,N,0,0,0,0,0,,,20200920000000,7,74,480,74,SZ
213,,ESERCIZIO,Regionali Speciali,SCRUTINI,20241027000000,COMUNE,I,PIETRA LIGURE,490,SAVONA,74,3532,3904,7436,0,0,0,0,6,6,11,N,0,0,0,1545,1451,,20241028180624,20200920000000,7,74,490,74,SZ
214,,ESERCIZIO,Regionali Speciali,SCRUTINI,20241027000000,COMUNE,I,PLODIO,500,SAVONA,74,284,272,556,133,134,267,"48,02",1,1,1,N,1,12,0,254,244,,20241028190040,20200920000000,7,74,500,74,SZ
215,,ESERCIZIO,Regionali Speciali,SCRUTINI,20241027000000,COMUNE,I,PONTINVREA,510,SAVONA,74,437,425,862,0,0,0,0,0,0,1,N,0,0,0,0,0,,,20200920000000,7,74,510,74,SZ
216,,ESERCIZIO,Regionali Speciali,SCRUTINI,20241027000000,COMUNE,I,QUILIANO,520,SAVONA,74,3233,3419,6652,0,0,0,0,7,7,9,N,0,0,0,2117,1982,,20241028190041,20200920000000,7,74,520,74,SZ
217,,ESERCIZIO,Regionali Speciali,SCRUTINI,20241027000000,COMUNE,I,RIALTO,530,SAVONA,74,331,341,672,0,0,0,0,0,0,1,N,0,0,0,0,0,,,20200920000000,7,74,530,74,SZ
218,,ESERCIZIO,Regionali Speciali,SCRUTINI,20241027000000,COMUNE,I,ROCCAVIGNALE,540,SAVONA,74,446,482,928,160,174,334,"35,99",1,1,1,N,4,13,0,317,304,,20241028182338,20200920000000,7,74,540,74,SZ
219,,ESERCIZIO,Regionali Speciali,SCRUTINI,20241027000000,COMUNE,I,SASSELLO,550,SAVONA,74,1104,1133,2237,0,0,0,0,2,2,4,N,0,0,0,129,124,,20241028171910,20200920000000,7,74,550,74,SZ
220,,ESERCIZIO,Regionali Speciali,SCRUTINI,20241027000000,COMUNE,I,SAVONA,560,SAVONA,74,23214,26386,49600,0,0,0,0,31,31,61,N,0,0,0,10132,9430,,20241028183440,20200920000000,7,74,560,74,SZ
221,,ESERCIZIO,Regionali Speciali,SCRUTINI,20241027000000,COMUNE,I,SPOTORNO,570,SAVONA,74,1554,1654,3208,0,0,0,0,2,2,4,N,0,0,0,599,549,,20241028190040,20200920000000,7,74,570,74,SZ
222,,ESERCIZIO,Regionali Speciali,SCRUTINI,20241027000000,COMUNE,I,STELLA,580,SAVONA,74,1539,1505,3044,0,0,0,0,0,0,3,N,0,0,0,0,0,,,20200920000000,7,74,580,74,SZ
223,,ESERCIZIO,Regionali Speciali,SCRUTINI,20241027000000,COMUNE,I,STELLANELLO,590,SAVONA,74,373,351,724,155,139,294,"40,61",1,1,1,N,0,7,0,287,270,,20241028173813,20200920000000,7,74,590,74,SZ
224,,ESERCIZIO,Regionali Speciali,SCRUTINI,20241027000000,COMUNE,I,TESTICO,600,SAVONA,74,72,69,141,36,46,82,"58,16",1,1,1,N,2,4,0,76,74,,20241028174645,20200920000000,7,74,600,74,SZ
225,,ESERCIZIO,Regionali Speciali,SCRUTINI,20241027000000,COMUNE,I,TOIRANO,610,SAVONA,74,1220,1243,2463,543,568,1111,"45,11",3,3,3,N,9,38,0,1064,992,,20241028172849,20200920000000,7,74,610,74,SZ
226,,ESERCIZIO,Regionali Speciali,SCRUTINI,20241027000000,COMUNE,I,TOVO SAN GIACOMO,620,SAVONA,74,1158,1191,2349,0,0,0,0,1,1,3,N,0,0,0,362,345,,20241028183900,20200920000000,7,74,620,74,SZ
227,,ESERCIZIO,Regionali Speciali,SCRUTINI,20241027000000,COMUNE,I,URBE,630,SAVONA,74,414,390,804,0,0,0,0,1,1,2,N,0,0,0,159,148,,20241028182539,20200920000000,7,74,630,74,SZ
228,,ESERCIZIO,Regionali Speciali,SCRUTINI,20241027000000,COMUNE,I,VADO LIGURE,640,SAVONA,74,3461,3780,7241,1553,1679,3232,"44,63",8,8,8,N,24,119,0,3089,2898,,20241028190042,20200920000000,7,74,640,74,SZ
229,,ESERCIZIO,Regionali Speciali,SCRUTINI,20241027000000,COMUNE,I,VARAZZE,650,SAVONA,74,5966,6278,12244,0,0,0,0,5,5,15,N,0,0,0,1125,1065,,20241028175432,20200920000000,7,74,650,74,SZ
230,,ESERCIZIO,Regionali Speciali,SCRUTINI,20241027000000,COMUNE,I,VENDONE,660,SAVONA,74,165,155,320,89,72,161,"50,31",1,1,1,N,2,5,0,154,148,,20241028172307,20200920000000,7,74,660,74,SZ
231,,ESERCIZIO,Regionali Speciali,SCRUTINI,20241027000000,COMUNE,I,VEZZI PORTIO,670,SAVONA,74,394,373,767,0,0,0,0,0,0,1,N,0,0,0,0,0,,,20200920000000,7,74,670,74,SZ
232,,ESERCIZIO,Regionali Speciali,SCRUTINI,20241027000000,COMUNE,I,VILLANOVA D'ALBENGA,680,SAVONA,74,1180,1177,2357,0,0,0,0,0,0,3,N,0,0,0,0,0,,,20200920000000,7,74,680,74,SZ
233,,ESERCIZIO,Regionali Speciali,SCRUTINI,20241027000000,COMUNE,I,ZUCCARELLO,690,SAVONA,74,152,165,317,73,83,156,"49,21",1,1,1,N,1,7,0,148,148,,20241028172635,20200920000000,7,74,690,74,SZ
